id,product,city,store,season,quantity,price,sales
0,Mobile,London,S3,Q3,5,120,600
1,Mobile,New York,S3,Q3,3,558,1674
2,Mouse,London,S3,Q2,5,869,4345
3,Mouse,New York,S2,Q2,4,376,1504
4,Laptop,New York,S2,Q1,4,956,3824
5,Laptop,Paris,S3,Q3,2,575,1150
6,Mouse,Paris,S2,Q2,3,975,2925
7,Mobile,London,S3,Q1,3,746,2238
8,Laptop,London,S3,Q2,4,700,2800
9,Mouse,New York,S2,Q2,1,445,445
10,Laptop,New York,S3,Q4,4,608,2432
11,Mouse,Paris,S3,Q2,1,661,661
12,Mouse,New York,S2,Q2,2,871,1742
13,TV,London,S3,Q2,2,655,1310
14,TV,New York,S2,Q4,4,801,3204
15,Mouse,London,S1,Q2,5,891,4455
16,TV,London,S1,Q1,5,114,570
17,Laptop,London,S1,Q3,1,443,443
18,Laptop,Paris,S3,Q3,1,491,491
19,Mobile,Paris,S1,Q3,5,589,2945
20,Mobile,New York,S1,Q4,1,939,939
21,Mouse,New York,S1,Q4,5,198,990
22,Mouse,New York,S3,Q3,1,838,838
23,Laptop,Paris,S2,Q3,1,104,104
24,TV,Paris,S3,Q2,3,492,1476
25,Mobile,Paris,S2,Q2,4,560,2240
26,Mobile,Paris,S3,Q1,4,195,780
27,Mouse,New York,S1,Q3,5,754,3770
28,Mobile,London,S1,Q4,3,342,1026
29,TV,New York,S2,Q1,1,745,745
30,Mouse,New York,S2,Q3,2,447,894
31,Laptop,Paris,S2,Q1,1,476,476
32,Mobile,New York,S1,Q4,5,844,4220
33,Mobile,Paris,S2,Q4,3,748,2244
34,TV,London,S1,Q3,2,783,1566
35,Mouse,Paris,S3,Q2,1,791,791
36,Laptop,New York,S1,Q2,4,367,1468
37,TV,Paris,S2,Q3,1,712,712
38,Laptop,London,S3,Q1,2,741,1482
39,Mouse,New York,S3,Q1,1,484,484
40,Mobile,New York,S2,Q1,4,829,3316
41,Mouse,New York,S3,Q4,3,283,849
42,Mobile,London,S3,Q2,5,983,4915
43,TV,New York,S2,Q3,1,300,300
44,Mouse,Paris,S2,Q4,5,870,4350
45,Mouse,Paris,S3,Q2,3,610,1830
46,Mobile,Paris,S1,Q1,2,971,1942
47,Laptop,Paris,S1,Q1,2,250,500
48,Mobile,New York,S2,Q3,4,243,972
49,TV,London,S1,Q2,1,403,403
50,TV,London,S1,Q4,3,108,324
51,Laptop,Paris,S3,Q4,3,503,1509
52,Mouse,New York,S1,Q4,4,686,2744
53,Laptop,New York,S2,Q3,1,198,198
54,Laptop,London,S2,Q4,2,805,1610
55,TV,Paris,S1,Q1,4,260,1040
56,Mouse,London,S2,Q1,4,603,2412
57,Mouse,Paris,S3,Q1,1,787,787
58,Mouse,Paris,S3,Q2,5,662,3310
59,TV,Paris,S3,Q2,5,897,4485
60,Laptop,Paris,S1,Q1,4,928,3712
61,Mouse,Paris,S3,Q4,1,611,611
62,Laptop,New York,S1,Q2,5,617,3085
63,Mobile,London,S1,Q4,5,596,2980
64,TV,London,S3,Q3,4,215,860
65,Mobile,London,S1,Q4,1,355,355
66,Mobile,New York,S1,Q2,2,422,844
67,Mouse,New York,S2,Q4,2,738,1476
68,Mobile,New York,S2,Q2,1,203,203
69,Laptop,London,S3,Q2,5,781,3905
70,Mobile,New York,S3,Q2,1,507,507
71,Laptop,New York,S3,Q1,4,784,3136
72,Mouse,London,S2,Q4,4,982,3928
73,Mobile,Paris,S2,Q2,3,764,2292
74,TV,Paris,S2,Q1,2,669,1338
75,TV,London,S2,Q2,3,543,1629
76,Laptop,London,S1,Q4,4,719,2876
77,Laptop,Paris,S2,Q1,4,449,1796
78,Mobile,Paris,S3,Q4,4,755,3020
79,Laptop,New York,S2,Q2,3,756,2268
80,Mouse,Paris,S3,Q4,2,445,890
81,Laptop,New York,S1,Q2,1,740,740
82,TV,New York,S1,Q3,2,195,390
83,TV,New York,S1,Q4,5,984,4920
84,Laptop,London,S3,Q4,5,889,4445
85,Laptop,Paris,S3,Q4,2,755,1510
86,Mobile,London,S2,Q1,5,319,1595
87,Laptop,Paris,S1,Q2,4,552,2208
88,Mouse,New York,S2,Q4,5,650,3250
89,Mouse,London,S2,Q2,5,122,610
90,TV,New York,S2,Q1,4,901,3604
91,Mouse,Paris,S2,Q2,3,541,1623
92,Mouse,London,S1,Q1,4,115,460
93,Mouse,Paris,S2,Q1,4,995,3980
94,Mouse,Paris,S2,Q3,4,644,2576
95,Laptop,London,S3,Q3,5,367,1835
96,Mobile,London,S1,Q4,2,142,284
97,Mouse,London,S1,Q4,2,352,704
98,Mobile,New York,S3,Q3,1,189,189
99,Mouse,London,S2,Q2,2,517,1034
100,Mobile,London,S3,Q4,2,600,1200
101,TV,London,S3,Q1,4,828,3312
102,Laptop,London,S1,Q4,2,968,1936
103,Laptop,Paris,S1,Q3,4,195,780
104,Mouse,Paris,S2,Q4,5,879,4395
105,Laptop,Paris,S1,Q3,1,966,966
106,Laptop,New York,S1,Q1,4,979,3916
107,Laptop,New York,S1,Q3,3,276,828
108,Mouse,London,S1,Q3,4,364,1456
109,Mobile,New York,S3,Q4,4,950,3800
110,TV,Paris,S1,Q1,3,495,1485
111,Laptop,Paris,S1,Q4,5,250,1250
112,Mouse,London,S3,Q1,5,141,705
113,TV,Paris,S2,Q3,2,232,464
114,Mobile,Paris,S1,Q3,3,757,2271
115,Mobile,London,S2,Q2,4,352,1408
116,TV,Paris,S2,Q1,2,492,984
117,TV,Paris,S2,Q2,5,128,640
118,Laptop,New York,S3,Q4,5,932,4660
119,TV,London,S3,Q3,1,400,400
120,Mouse,New York,S3,Q3,5,975,4875
121,TV,Paris,S3,Q2,2,630,1260
122,Mobile,New York,S3,Q1,5,853,4265
123,Mouse,New York,S2,Q4,4,555,2220
124,Laptop,Paris,S1,Q3,1,486,486
125,Laptop,New York,S1,Q3,4,468,1872
126,Laptop,London,S2,Q1,2,655,1310
127,Laptop,London,S1,Q3,5,179,895
128,TV,London,S3,Q4,5,775,3875
129,Mobile,Paris,S1,Q2,1,404,404
130,TV,Paris,S3,Q1,5,665,3325
131,TV,Paris,S3,Q1,3,111,333
132,TV,New York,S1,Q4,2,447,894
133,Mouse,New York,S2,Q4,2,639,1278
134,Mouse,London,S1,Q4,3,601,1803
135,Mobile,London,S1,Q1,5,823,4115
136,Laptop,London,S1,Q2,3,352,1056
137,TV,New York,S3,Q4,5,914,4570
138,Laptop,New York,S2,Q4,2,350,700
139,Laptop,London,S3,Q4,1,473,473
140,Laptop,New York,S3,Q1,3,952,2856
141,TV,Paris,S1,Q2,3,894,2682
142,Laptop,London,S1,Q2,1,198,198
143,Mobile,London,S1,Q4,4,808,3232
144,Mobile,London,S2,Q3,5,122,610
145,Laptop,London,S1,Q2,2,182,364
146,Laptop,London,S2,Q1,1,150,150
147,Laptop,London,S2,Q1,1,587,587
148,Mouse,New York,S3,Q4,2,349,698
149,TV,New York,S2,Q3,3,405,1215
150,Mouse,London,S2,Q4,5,833,4165
151,Mobile,London,S1,Q4,5,952,4760
152,TV,New York,S3,Q3,4,837,3348
153,TV,New York,S2,Q2,3,534,1602
154,Mobile,New York,S1,Q2,1,434,434
155,Mouse,New York,S3,Q2,3,180,540
156,Laptop,London,S2,Q4,1,429,429
157,Laptop,London,S2,Q2,5,549,2745
158,Laptop,New York,S3,Q3,3,982,2946
159,Mobile,London,S3,Q3,3,473,1419
160,Mouse,London,S3,Q4,3,766,2298
161,Laptop,New York,S1,Q2,3,502,1506
162,Laptop,London,S2,Q4,2,928,1856
163,TV,London,S2,Q1,5,332,1660
164,Mouse,New York,S2,Q2,1,177,177
165,TV,London,S3,Q1,2,348,696
166,Mobile,London,S2,Q3,3,930,2790
167,Mouse,London,S1,Q2,4,356,1424
168,Mouse,London,S3,Q1,4,818,3272
169,Mobile,Paris,S2,Q2,2,127,254
170,Mobile,New York,S2,Q1,2,625,1250
171,Mobile,Paris,S3,Q3,3,850,2550
172,Mouse,London,S2,Q2,3,982,2946
173,Mobile,London,S3,Q1,4,813,3252
174,Mobile,London,S1,Q3,2,225,450
175,Mouse,London,S1,Q1,4,124,496
176,Mouse,New York,S3,Q1,5,245,1225
177,Mobile,Paris,S2,Q2,1,847,847
178,Mobile,New York,S1,Q1,4,381,1524
179,Mouse,New York,S3,Q4,3,976,2928
180,TV,London,S1,Q1,5,761,3805
181,Laptop,New York,S2,Q3,4,449,1796
182,Mobile,New York,S2,Q2,1,858,858
183,Mobile,Paris,S3,Q4,5,647,3235
184,Mouse,Paris,S2,Q2,4,831,3324
185,Mobile,Paris,S2,Q2,1,705,705
186,Mouse,New York,S3,Q2,1,293,293
187,Mobile,Paris,S2,Q3,5,399,1995
188,Laptop,New York,S2,Q2,4,886,3544
189,Mouse,London,S1,Q4,1,189,189
190,TV,New York,S1,Q2,3,610,1830
191,Mouse,London,S3,Q3,1,789,789
192,Mouse,New York,S1,Q3,2,271,542
193,TV,London,S2,Q4,1,418,418
194,Laptop,London,S1,Q1,3,649,1947
195,Mobile,Paris,S2,Q3,1,680,680
196,TV,New York,S2,Q1,3,236,708
197,TV,Paris,S3,Q1,4,931,3724
198,Laptop,Paris,S1,Q1,4,897,3588
199,Mobile,London,S1,Q1,3,478,1434
200,TV,New York,S2,Q4,1,848,848
201,TV,London,S2,Q4,3,736,2208
202,TV,London,S3,Q3,1,764,764
203,Laptop,London,S3,Q3,2,920,1840
204,Mouse,Paris,S3,Q3,3,490,1470
205,Mobile,New York,S3,Q3,5,388,1940
206,Mouse,New York,S3,Q3,4,256,1024
207,TV,London,S1,Q1,5,510,2550
208,Mobile,London,S2,Q4,2,621,1242
209,Laptop,Paris,S2,Q1,5,258,1290
210,Mobile,London,S3,Q1,5,256,1280
211,Mobile,London,S2,Q3,3,854,2562
212,Mouse,New York,S3,Q3,5,759,3795
213,Mobile,New York,S2,Q4,2,401,802
214,Mobile,New York,S1,Q4,2,722,1444
215,Mouse,Paris,S1,Q4,5,939,4695
216,Mobile,New York,S1,Q4,2,150,300
217,Laptop,New York,S1,Q2,3,506,1518
218,Laptop,New York,S1,Q1,2,721,1442
219,Mouse,New York,S3,Q1,1,930,930
220,TV,Paris,S3,Q4,5,530,2650
221,Laptop,London,S1,Q2,4,412,1648
222,Laptop,New York,S1,Q3,4,636,2544
223,TV,Paris,S2,Q2,2,574,1148
224,TV,Paris,S1,Q4,3,975,2925
225,Mobile,Paris,S2,Q4,1,279,279
226,TV,London,S1,Q1,5,162,810
227,Mobile,New York,S2,Q4,2,568,1136
228,Laptop,Paris,S1,Q4,1,788,788
229,Mouse,New York,S2,Q4,5,459,2295
230,Laptop,Paris,S1,Q4,5,314,1570
231,Mobile,Paris,S3,Q2,5,404,2020
232,Laptop,London,S2,Q4,3,117,351
233,Laptop,New York,S3,Q3,2,293,586
234,TV,London,S2,Q2,3,930,2790
235,Mouse,London,S1,Q3,3,899,2697
236,TV,New York,S3,Q2,2,479,958
237,Laptop,Paris,S3,Q4,2,490,980
238,Laptop,London,S1,Q3,3,542,1626
239,Mobile,London,S2,Q1,5,678,3390
240,Mobile,London,S3,Q4,2,902,1804
241,Mouse,New York,S2,Q3,4,599,2396
242,Laptop,New York,S1,Q2,2,106,212
243,TV,Paris,S1,Q3,5,246,1230
244,Mouse,London,S3,Q4,5,799,3995
245,TV,New York,S1,Q3,5,622,3110
246,TV,Paris,S2,Q3,4,631,2524
247,Laptop,London,S2,Q4,1,325,325
248,Laptop,Paris,S2,Q2,4,379,1516
249,Laptop,New York,S2,Q4,3,826,2478
250,Mouse,London,S2,Q3,1,625,625
251,Laptop,New York,S1,Q1,1,857,857
252,TV,Paris,S2,Q4,2,541,1082
253,Laptop,London,S2,Q3,5,174,870
254,TV,New York,S1,Q2,4,140,560
255,TV,New York,S1,Q1,1,477,477
256,Mouse,Paris,S1,Q2,5,126,630
257,Laptop,Paris,S2,Q3,2,367,734
258,Laptop,London,S1,Q3,2,784,1568
259,Laptop,New York,S1,Q4,2,657,1314
260,Mouse,New York,S2,Q3,1,918,918
261,Laptop,Paris,S2,Q1,5,878,4390
262,Mouse,Paris,S1,Q3,3,409,1227
263,TV,Paris,S3,Q4,5,411,2055
264,Laptop,New York,S3,Q4,3,838,2514
265,Mouse,Paris,S1,Q2,3,464,1392
266,Mobile,New York,S1,Q2,2,600,1200
267,Laptop,London,S1,Q1,1,160,160
268,Mobile,New York,S1,Q3,3,230,690
269,TV,London,S3,Q2,2,623,1246
270,Mobile,London,S3,Q3,1,116,116
271,TV,London,S3,Q1,4,417,1668
272,Mouse,Paris,S3,Q1,1,826,826
273,Laptop,New York,S2,Q4,1,565,565
274,Laptop,Paris,S3,Q2,1,976,976
275,TV,Paris,S2,Q4,1,893,893
276,Laptop,New York,S2,Q3,5,618,3090
277,Laptop,Paris,S2,Q3,5,693,3465
278,Mobile,New York,S3,Q3,2,542,1084
279,TV,Paris,S1,Q2,3,719,2157
280,Mouse,London,S2,Q3,5,270,1350
281,Mouse,New York,S3,Q3,4,138,552
282,Mobile,London,S1,Q2,1,496,496
283,TV,London,S1,Q2,4,993,3972
284,TV,Paris,S3,Q2,2,513,1026
285,Mobile,Paris,S1,Q1,2,515,1030
286,Mouse,Paris,S3,Q3,4,128,512
287,TV,London,S1,Q2,5,847,4235
288,Laptop,Paris,S1,Q2,1,458,458
289,Mouse,London,S1,Q2,1,102,102
290,Laptop,New York,S2,Q2,4,245,980
291,TV,London,S1,Q4,1,684,684
292,Mobile,London,S1,Q4,4,239,956
293,Mobile,New York,S1,Q1,5,479,2395
294,TV,Paris,S3,Q2,3,161,483
295,Laptop,New York,S1,Q3,4,871,3484
296,Mobile,London,S3,Q2,5,342,1710
297,Laptop,New York,S2,Q3,2,924,1848
298,TV,London,S1,Q2,3,987,2961
299,TV,London,S1,Q2,1,620,620
300,Mobile,New York,S1,Q1,3,589,1767
301,Mobile,New York,S2,Q2,1,315,315
302,Mobile,Paris,S2,Q1,5,188,940
303,Laptop,New York,S1,Q2,3,716,2148
304,Mouse,Paris,S3,Q4,5,748,3740
305,Mobile,London,S2,Q4,2,620,1240
306,Mobile,London,S1,Q3,3,325,975
307,Mouse,Paris,S2,Q4,3,275,825
308,TV,New York,S2,Q1,4,787,3148
309,Laptop,London,S1,Q1,2,139,278
310,Laptop,New York,S1,Q3,2,422,844
311,Mouse,New York,S3,Q1,5,388,1940
312,TV,Paris,S1,Q3,3,915,2745
313,Laptop,London,S3,Q1,1,792,792
314,TV,Paris,S3,Q2,4,106,424
315,Laptop,Paris,S1,Q2,1,130,130
316,Mobile,New York,S2,Q4,3,536,1608
317,TV,Paris,S3,Q2,4,357,1428
318,TV,London,S1,Q4,2,323,646
319,Laptop,New York,S3,Q1,1,116,116
320,Mouse,Paris,S2,Q4,5,774,3870
321,Mouse,New York,S3,Q2,2,332,664
322,Mouse,New York,S3,Q4,4,434,1736
323,TV,London,S1,Q2,4,963,3852
324,Mouse,New York,S3,Q4,1,623,623
325,TV,London,S2,Q2,1,121,121
326,TV,Paris,S2,Q2,5,815,4075
327,Mouse,Paris,S3,Q4,5,559,2795
328,Mobile,London,S3,Q1,3,558,1674
329,TV,Paris,S2,Q2,2,384,768
330,Mouse,London,S3,Q1,1,138,138
331,Mobile,Paris,S1,Q1,3,983,2949
332,Mouse,New York,S3,Q2,4,121,484
333,Mobile,Paris,S3,Q1,4,539,2156
334,Mouse,London,S1,Q3,5,183,915
335,TV,Paris,S1,Q1,3,606,1818
336,Laptop,New York,S2,Q3,2,262,524
337,Mouse,London,S1,Q4,4,885,3540
338,Mobile,Paris,S2,Q1,1,704,704
339,Laptop,Paris,S3,Q2,2,298,596
340,Mobile,London,S1,Q4,4,477,1908
341,Mobile,New York,S3,Q1,1,993,993
342,Mouse,London,S2,Q4,1,930,930
343,TV,New York,S1,Q1,2,443,886
344,Mouse,Paris,S1,Q1,5,373,1865
345,TV,New York,S2,Q3,3,400,1200
346,Laptop,London,S2,Q1,3,313,939
347,Mobile,London,S1,Q4,1,145,145
348,Mouse,Paris,S2,Q2,4,759,3036
349,Laptop,New York,S2,Q4,1,101,101
350,Laptop,London,S1,Q1,1,688,688
351,Mouse,New York,S2,Q3,2,265,530
352,Mobile,New York,S2,Q2,2,242,484
353,TV,New York,S3,Q4,1,971,971
354,Mobile,London,S3,Q3,1,873,873
355,Laptop,Paris,S3,Q4,1,469,469
356,Mouse,New York,S2,Q4,3,482,1446
357,Mobile,Paris,S2,Q2,2,994,1988
358,Mobile,Paris,S1,Q4,2,113,226
359,Mobile,New York,S2,Q4,4,636,2544
360,Laptop,Paris,S2,Q3,4,784,3136
361,Mouse,London,S3,Q1,3,911,2733
362,TV,New York,S2,Q3,5,451,2255
363,Mouse,London,S3,Q3,4,813,3252
364,Mobile,Paris,S1,Q1,1,431,431
365,Laptop,New York,S1,Q3,2,123,246
366,Mouse,London,S2,Q4,4,251,1004
367,TV,London,S3,Q4,1,519,519
368,TV,London,S2,Q4,4,677,2708
369,Mobile,New York,S2,Q3,2,854,1708
370,Mobile,New York,S2,Q1,4,742,2968
371,Laptop,New York,S1,Q3,1,966,966
372,TV,New York,S3,Q2,4,625,2500
373,TV,New York,S3,Q1,5,652,3260
374,TV,New York,S1,Q3,1,183,183
375,TV,Paris,S2,Q1,3,956,2868
376,Laptop,New York,S3,Q1,5,548,2740
377,Mouse,London,S3,Q3,3,109,327
378,Mobile,New York,S2,Q4,2,704,1408
379,TV,New York,S1,Q1,5,375,1875
380,Mouse,Paris,S1,Q1,4,383,1532
381,Laptop,Paris,S1,Q3,5,303,1515
382,Laptop,London,S1,Q4,4,923,3692
383,Mouse,Paris,S3,Q2,4,350,1400
384,Laptop,New York,S2,Q2,1,610,610
385,Laptop,New York,S1,Q1,3,297,891
386,Laptop,London,S3,Q1,1,790,790
387,TV,New York,S1,Q2,3,910,2730
388,TV,New York,S1,Q2,5,284,1420
389,Mobile,Paris,S3,Q3,2,527,1054
390,TV,Paris,S2,Q1,4,435,1740
391,TV,New York,S3,Q4,2,440,880
392,Laptop,Paris,S1,Q4,5,594,2970
393,TV,Paris,S2,Q1,2,526,1052
394,TV,New York,S2,Q2,1,637,637
395,Mouse,Paris,S1,Q4,3,939,2817
396,Laptop,New York,S1,Q1,3,386,1158
397,Mouse,New York,S1,Q4,5,460,2300
398,TV,New York,S2,Q2,1,260,260
399,Laptop,London,S1,Q1,5,688,3440
400,Mobile,London,S3,Q4,2,480,960
401,TV,New York,S2,Q3,2,693,1386
402,Laptop,London,S3,Q3,5,430,2150
403,Laptop,New York,S2,Q3,1,824,824
404,Mobile,London,S2,Q3,5,927,4635
405,Laptop,London,S1,Q1,1,390,390
406,Mouse,New York,S2,Q3,3,721,2163
407,TV,New York,S2,Q2,1,102,102
408,Laptop,New York,S2,Q2,4,728,2912
409,Laptop,New York,S1,Q4,5,403,2015
410,Laptop,Paris,S3,Q3,2,463,926
411,Mobile,Paris,S1,Q1,3,435,1305
412,Mobile,London,S3,Q1,4,814,3256
413,Mobile,Paris,S1,Q1,3,901,2703
414,TV,London,S1,Q4,3,768,2304
415,Mobile,Paris,S2,Q4,2,101,202
416,Laptop,London,S2,Q1,3,362,1086
417,Mobile,New York,S3,Q1,1,544,544
418,TV,New York,S3,Q2,1,271,271
419,Mouse,London,S2,Q3,3,240,720
420,Mobile,New York,S2,Q1,4,125,500
421,Laptop,Paris,S2,Q4,2,732,1464
422,Laptop,New York,S1,Q2,3,392,1176
423,Mouse,New York,S3,Q4,4,266,1064
424,TV,London,S2,Q3,4,538,2152
425,TV,London,S3,Q1,3,207,621
426,TV,London,S3,Q1,1,761,761
427,Mouse,London,S3,Q3,4,554,2216
428,Mouse,Paris,S2,Q1,5,608,3040
429,Laptop,New York,S1,Q2,3,362,1086
430,Laptop,New York,S3,Q2,5,266,1330
431,Laptop,London,S3,Q3,4,401,1604
432,Mobile,New York,S2,Q2,5,135,675
433,Mouse,London,S1,Q4,3,172,516
434,Mouse,London,S3,Q2,1,807,807
435,Laptop,London,S2,Q4,5,527,2635
436,Mobile,London,S2,Q4,2,166,332
437,TV,London,S2,Q3,2,826,1652
438,Mouse,New York,S2,Q1,3,453,1359
439,Mobile,New York,S2,Q4,2,647,1294
440,Laptop,London,S1,Q3,1,410,410
441,Mouse,New York,S2,Q2,1,154,154
442,Mouse,London,S3,Q4,5,378,1890
443,Mouse,Paris,S2,Q1,4,971,3884
444,Mouse,London,S1,Q2,5,183,915
445,TV,New York,S2,Q4,1,883,883
446,Mouse,New York,S2,Q1,4,580,2320
447,Mobile,New York,S1,Q2,1,440,440
448,TV,Paris,S1,Q1,1,942,942
449,Mobile,New York,S3,Q2,4,565,2260
450,Mobile,New York,S3,Q2,3,242,726
451,TV,London,S2,Q4,1,141,141
452,TV,New York,S1,Q3,2,769,1538
453,TV,New York,S3,Q4,4,625,2500
454,Laptop,Paris,S1,Q3,2,958,1916
455,TV,Paris,S2,Q2,4,867,3468
456,TV,London,S2,Q1,5,921,4605
457,Laptop,Paris,S2,Q1,5,535,2675
458,Mobile,Paris,S1,Q2,1,752,752
459,Laptop,New York,S1,Q2,4,636,2544
460,Mobile,London,S1,Q3,4,757,3028
461,Laptop,Paris,S2,Q4,5,142,710
462,TV,New York,S3,Q3,3,616,1848
463,Mobile,New York,S2,Q1,2,481,962
464,Mobile,New York,S1,Q3,1,182,182
465,Laptop,Paris,S1,Q1,4,289,1156
466,TV,Paris,S3,Q4,4,708,2832
467,Mouse,Paris,S1,Q1,4,919,3676
468,Laptop,New York,S3,Q2,5,727,3635
469,Mobile,New York,S1,Q3,3,191,573
470,TV,New York,S3,Q1,5,697,3485
471,Laptop,New York,S3,Q2,3,504,1512
472,TV,New York,S3,Q1,2,570,1140
473,TV,Paris,S1,Q1,5,312,1560
474,TV,New York,S1,Q1,5,437,2185
475,Laptop,London,S1,Q3,1,799,799
476,Mobile,Paris,S1,Q4,5,893,4465
477,TV,New York,S2,Q4,3,844,2532
478,Laptop,London,S2,Q2,5,653,3265
479,Laptop,London,S1,Q4,1,219,219
480,Laptop,London,S1,Q2,4,659,2636
481,Laptop,London,S2,Q2,2,331,662
482,Laptop,Paris,S3,Q2,3,825,2475
483,Mouse,London,S3,Q1,4,954,3816
484,Mouse,London,S3,Q1,4,548,2192
485,Mobile,London,S1,Q4,1,186,186
486,Mobile,London,S1,Q3,3,763,2289
487,Laptop,London,S1,Q4,2,465,930
488,Mouse,Paris,S3,Q3,3,639,1917
489,Mobile,Paris,S2,Q1,5,449,2245
490,TV,New York,S2,Q3,4,436,1744
491,Mobile,London,S1,Q2,2,660,1320
492,Mouse,New York,S2,Q1,1,316,316
493,TV,Paris,S2,Q3,2,877,1754
494,Laptop,Paris,S2,Q2,5,792,3960
495,Mouse,Paris,S2,Q3,2,882,1764
496,Laptop,New York,S3,Q1,1,587,587
497,Mobile,New York,S2,Q1,2,889,1778
498,Mouse,New York,S1,Q4,3,785,2355
499,Laptop,London,S3,Q2,1,879,879
500,Laptop,Paris,S2,Q1,5,760,3800
501,TV,New York,S2,Q3,4,835,3340
502,Mobile,New York,S2,Q3,1,633,633
503,Mouse,London,S1,Q2,2,640,1280
504,Laptop,Paris,S3,Q2,3,506,1518
505,Mouse,London,S2,Q3,5,800,4000
506,Laptop,Paris,S3,Q2,3,122,366
507,Laptop,New York,S3,Q4,1,227,227
508,Laptop,Paris,S2,Q2,1,975,975
509,Laptop,Paris,S1,Q4,3,323,969
510,Mouse,New York,S2,Q3,1,109,109
511,Laptop,New York,S3,Q3,3,165,495
512,Laptop,London,S1,Q4,4,697,2788
513,TV,New York,S2,Q2,4,308,1232
514,TV,New York,S1,Q2,5,476,2380
515,Mouse,Paris,S3,Q3,3,200,600
516,TV,Paris,S1,Q4,4,635,2540
517,TV,Paris,S2,Q1,5,921,4605
518,Mouse,Paris,S1,Q2,4,287,1148
519,Laptop,London,S1,Q3,4,320,1280
520,TV,Paris,S1,Q4,2,154,308
521,Mouse,New York,S2,Q2,2,258,516
522,Mouse,Paris,S1,Q3,3,505,1515
523,Mouse,London,S2,Q2,5,967,4835
524,Mouse,Paris,S1,Q4,1,282,282
525,Laptop,New York,S3,Q4,1,862,862
526,Mouse,Paris,S3,Q3,1,217,217
527,Laptop,London,S1,Q2,4,759,3036
528,Mouse,Paris,S3,Q3,4,174,696
529,Mobile,London,S2,Q4,5,604,3020
530,Mouse,London,S2,Q2,3,718,2154
531,Laptop,New York,S2,Q2,5,809,4045
532,Laptop,Paris,S1,Q3,5,525,2625
533,Mobile,New York,S2,Q3,5,448,2240
534,Mouse,London,S1,Q1,2,803,1606
535,Laptop,New York,S2,Q4,2,740,1480
536,Mouse,London,S2,Q1,4,463,1852
537,Mouse,London,S3,Q4,1,647,647
538,Laptop,New York,S2,Q2,4,262,1048
539,Mobile,New York,S2,Q4,2,828,1656
540,Laptop,New York,S1,Q1,4,795,3180
541,Mobile,New York,S2,Q3,1,632,632
542,Mouse,New York,S1,Q3,2,771,1542
543,Mouse,Paris,S3,Q4,5,525,2625
544,TV,New York,S1,Q1,2,120,240
545,TV,London,S3,Q3,2,404,808
546,Mobile,Paris,S1,Q1,4,544,2176
547,Laptop,London,S2,Q1,4,994,3976
548,TV,London,S3,Q2,1,692,692
549,Mouse,London,S1,Q2,4,142,568
550,Laptop,Paris,S2,Q1,1,709,709
551,TV,New York,S2,Q2,1,941,941
552,Laptop,London,S2,Q2,1,165,165
553,TV,New York,S3,Q1,4,443,1772
554,Mobile,New York,S3,Q2,3,803,2409
555,Mobile,Paris,S1,Q4,5,631,3155
556,TV,Paris,S2,Q4,5,178,890
557,TV,New York,S3,Q1,1,779,779
558,TV,New York,S1,Q3,2,859,1718
559,TV,Paris,S1,Q2,4,326,1304
560,TV,Paris,S3,Q1,3,277,831
561,Mobile,Paris,S1,Q3,3,603,1809
562,Mouse,New York,S1,Q4,5,696,3480
563,Mouse,Paris,S1,Q3,2,653,1306
564,Mouse,New York,S2,Q3,3,976,2928
565,Mobile,Paris,S2,Q3,1,319,319
566,Laptop,Paris,S1,Q4,4,787,3148
567,Mobile,London,S2,Q2,3,643,1929
568,Laptop,Paris,S2,Q3,1,674,674
569,Laptop,Paris,S1,Q1,5,261,1305
570,Mouse,New York,S2,Q3,3,346,1038
571,Mouse,Paris,S1,Q1,3,452,1356
572,Mouse,London,S2,Q2,5,326,1630
573,Laptop,London,S1,Q4,2,745,1490
574,Mobile,London,S3,Q2,4,975,3900
575,Laptop,London,S2,Q2,3,687,2061
576,Mouse,New York,S2,Q4,5,255,1275
577,Mouse,New York,S2,Q1,5,774,3870
578,Mouse,New York,S1,Q3,2,413,826
579,Mobile,London,S3,Q4,1,936,936
580,Mouse,Paris,S2,Q3,3,388,1164
581,Mouse,London,S2,Q2,3,347,1041
582,Mouse,Paris,S3,Q2,1,759,759
583,Mouse,London,S3,Q3,3,615,1845
584,TV,London,S3,Q2,5,326,1630
585,Laptop,London,S1,Q2,4,753,3012
586,Mouse,London,S3,Q1,3,863,2589
587,Laptop,Paris,S2,Q3,1,745,745
588,Mobile,Paris,S3,Q3,3,453,1359
589,Mouse,New York,S2,Q2,4,600,2400
590,Mouse,New York,S3,Q3,3,695,2085
591,Laptop,London,S2,Q2,1,182,182
592,TV,Paris,S3,Q2,3,812,2436
593,Mouse,London,S3,Q2,1,862,862
594,Mouse,Paris,S1,Q4,3,497,1491
595,Mouse,New York,S1,Q1,4,564,2256
596,TV,London,S1,Q4,4,188,752
597,TV,Paris,S1,Q3,1,433,433
598,TV,London,S3,Q4,4,875,3500
599,TV,London,S1,Q2,1,731,731
600,Mobile,Paris,S3,Q4,5,161,805
601,Laptop,New York,S3,Q3,2,568,1136
602,Mobile,London,S1,Q4,4,968,3872
603,Mobile,London,S1,Q1,1,544,544
604,Laptop,Paris,S1,Q2,1,107,107
605,Laptop,Paris,S3,Q4,4,537,2148
606,Mouse,New York,S3,Q3,1,758,758
607,TV,London,S2,Q4,5,918,4590
608,TV,London,S1,Q3,4,922,3688
609,Mobile,New York,S1,Q3,4,293,1172
610,Mouse,New York,S3,Q3,1,868,868
611,Mouse,Paris,S2,Q2,1,821,821
612,Laptop,London,S2,Q2,3,747,2241
613,Mobile,New York,S1,Q1,5,720,3600
614,Laptop,Paris,S2,Q3,5,951,4755
615,Mouse,London,S1,Q1,1,401,401
616,Laptop,New York,S3,Q4,4,964,3856
617,TV,Paris,S1,Q1,1,803,803
618,TV,New York,S3,Q2,1,876,876
619,Mouse,London,S1,Q1,1,955,955
620,Laptop,Paris,S3,Q3,1,650,650
621,Laptop,Paris,S2,Q3,3,432,1296
622,Mobile,New York,S1,Q1,4,118,472
623,Mouse,London,S1,Q1,4,544,2176
624,Mouse,London,S1,Q2,4,349,1396
625,Laptop,London,S3,Q2,5,530,2650
626,Mobile,London,S3,Q4,2,757,1514
627,TV,New York,S1,Q3,4,693,2772
628,Laptop,Paris,S3,Q4,4,212,848
629,Laptop,New York,S3,Q3,1,869,869
630,Mobile,London,S1,Q2,2,918,1836
631,Mobile,London,S2,Q2,2,662,1324
632,TV,London,S1,Q3,4,870,3480
633,Mouse,New York,S3,Q1,2,704,1408
634,TV,Paris,S2,Q4,2,180,360
635,Laptop,New York,S3,Q3,1,410,410
636,Laptop,Paris,S2,Q1,5,673,3365
637,Laptop,Paris,S3,Q1,1,393,393
638,Mouse,London,S2,Q3,2,519,1038
639,Mobile,London,S3,Q1,5,733,3665
640,TV,New York,S3,Q3,4,271,1084
641,Mobile,London,S3,Q3,3,659,1977
642,Mouse,New York,S3,Q1,4,479,1916
643,Laptop,Paris,S2,Q4,4,106,424
644,Mouse,London,S1,Q1,4,886,3544
645,Laptop,New York,S2,Q4,3,526,1578
646,Mobile,Paris,S3,Q2,3,916,2748
647,Laptop,New York,S1,Q4,2,787,1574
648,Mouse,New York,S1,Q3,4,724,2896
649,Laptop,New York,S1,Q2,3,678,2034
650,Mobile,London,S2,Q3,3,547,1641
651,Mobile,New York,S3,Q2,3,224,672
652,Mobile,London,S2,Q2,5,221,1105
653,Laptop,London,S2,Q4,5,134,670
654,Mobile,New York,S2,Q4,1,468,468
655,Laptop,London,S3,Q3,4,208,832
656,Mouse,New York,S1,Q1,1,404,404
657,Laptop,New York,S1,Q2,5,478,2390
658,Mobile,Paris,S3,Q2,2,515,1030
659,Laptop,Paris,S2,Q1,5,482,2410
660,Mouse,London,S3,Q3,4,598,2392
661,Laptop,Paris,S1,Q3,5,210,1050
662,TV,Paris,S3,Q1,1,198,198
663,Mouse,New York,S2,Q1,2,886,1772
664,Laptop,Paris,S1,Q4,4,616,2464
665,Laptop,London,S2,Q3,3,216,648
666,TV,Paris,S2,Q1,4,345,1380
667,Laptop,New York,S3,Q3,4,616,2464
668,Laptop,London,S2,Q2,4,681,2724
669,Laptop,Paris,S3,Q2,4,847,3388
670,Mouse,New York,S3,Q3,2,327,654
671,TV,Paris,S1,Q2,3,814,2442
672,Mouse,London,S3,Q2,1,790,790
673,Laptop,New York,S3,Q2,4,786,3144
674,Mobile,Paris,S3,Q1,3,147,441
675,Mobile,London,S1,Q1,1,980,980
676,Laptop,Paris,S3,Q2,3,542,1626
677,Laptop,London,S3,Q2,5,386,1930
678,Mobile,New York,S2,Q1,3,934,2802
679,TV,New York,S2,Q4,5,303,1515
680,TV,London,S3,Q4,1,833,833
681,Mobile,Paris,S3,Q2,2,212,424
682,Mouse,Paris,S2,Q3,3,164,492
683,Mouse,London,S1,Q1,5,240,1200
684,Mouse,London,S1,Q3,1,775,775
685,Mobile,New York,S3,Q4,1,901,901
686,TV,New York,S2,Q3,3,454,1362
687,Mouse,Paris,S2,Q4,5,784,3920
688,Mouse,New York,S1,Q1,3,222,666
689,TV,New York,S1,Q3,2,845,1690
690,Mouse,New York,S2,Q2,2,112,224
691,Mouse,Paris,S3,Q4,2,394,788
692,Mobile,Paris,S2,Q4,3,729,2187
693,Laptop,Paris,S1,Q3,1,332,332
694,TV,London,S1,Q1,3,152,456
695,Mobile,London,S1,Q2,1,282,282
696,Mobile,New York,S2,Q2,4,555,2220
697,TV,New York,S2,Q2,4,977,3908
698,Mouse,London,S3,Q2,4,304,1216
699,Mobile,Paris,S2,Q4,2,949,1898
700,Mouse,New York,S3,Q3,1,815,815
701,Laptop,Paris,S1,Q3,1,960,960
702,TV,New York,S2,Q2,1,442,442
703,Mouse,New York,S1,Q2,5,988,4940
704,Mouse,London,S3,Q1,1,718,718
705,Mobile,London,S3,Q2,4,551,2204
706,Mouse,New York,S3,Q3,5,182,910
707,Laptop,New York,S3,Q1,1,797,797
708,Mobile,New York,S1,Q1,4,828,3312
709,Mouse,Paris,S2,Q3,5,334,1670
710,Laptop,London,S1,Q4,4,622,2488
711,Laptop,Paris,S1,Q2,1,632,632
712,Mouse,Paris,S3,Q4,5,909,4545
713,Laptop,London,S2,Q4,4,652,2608
714,Mobile,Paris,S2,Q4,3,335,1005
715,Laptop,Paris,S1,Q1,2,840,1680
716,Laptop,Paris,S2,Q4,1,428,428
717,TV,Paris,S2,Q4,1,199,199
718,Laptop,Paris,S1,Q1,2,827,1654
719,Mouse,Paris,S2,Q3,4,425,1700
720,Mouse,London,S2,Q2,1,455,455
721,Laptop,Paris,S3,Q1,1,148,148
722,TV,New York,S2,Q1,4,914,3656
723,Laptop,New York,S2,Q1,5,201,1005
724,Mouse,New York,S2,Q1,4,497,1988
725,TV,Paris,S1,Q3,1,879,879
726,TV,London,S3,Q1,4,477,1908
727,Mouse,New York,S2,Q1,4,218,872
728,Mouse,Paris,S1,Q4,4,797,3188
729,Mouse,Paris,S2,Q1,2,798,1596
730,Mobile,New York,S1,Q2,5,233,1165
731,Mobile,London,S1,Q1,2,618,1236
732,Mouse,London,S2,Q4,3,472,1416
733,Mouse,London,S3,Q4,3,556,1668
734,Mouse,Paris,S1,Q3,1,603,603
735,Mouse,London,S2,Q3,4,715,2860
736,Mobile,London,S1,Q1,2,325,650
737,Mouse,London,S3,Q4,4,317,1268
738,Mouse,New York,S1,Q3,5,923,4615
739,Mouse,New York,S3,Q3,4,377,1508
740,Laptop,London,S3,Q2,4,298,1192
741,TV,London,S2,Q1,2,606,1212
742,Laptop,Paris,S3,Q1,5,555,2775
743,Mouse,Paris,S3,Q4,3,590,1770
744,Laptop,London,S3,Q4,4,668,2672
745,Mobile,Paris,S1,Q2,2,893,1786
746,Laptop,New York,S1,Q4,4,460,1840
747,Mobile,New York,S1,Q2,3,837,2511
748,Mobile,London,S2,Q1,5,489,2445
749,TV,New York,S2,Q2,2,689,1378
750,TV,New York,S1,Q3,3,617,1851
751,Laptop,London,S3,Q4,1,820,820
752,Mouse,Paris,S1,Q2,3,962,2886
753,Mouse,New York,S1,Q4,4,966,3864
754,Mouse,Paris,S2,Q2,1,431,431
755,Mobile,London,S1,Q2,3,410,1230
756,TV,New York,S2,Q2,4,719,2876
757,Mobile,London,S3,Q1,2,372,744
758,Mobile,Paris,S1,Q4,2,346,692
759,Mouse,London,S2,Q4,4,594,2376
760,TV,London,S3,Q3,1,286,286
761,Mouse,New York,S2,Q1,4,236,944
762,Laptop,New York,S1,Q4,4,354,1416
763,Mobile,London,S2,Q4,2,666,1332
764,Mouse,Paris,S2,Q1,3,988,2964
765,Laptop,Paris,S1,Q1,2,839,1678
766,Laptop,New York,S3,Q3,2,598,1196
767,Laptop,London,S1,Q3,1,934,934
768,Mouse,London,S2,Q3,3,724,2172
769,Mobile,Paris,S2,Q2,1,373,373
770,Laptop,London,S1,Q3,2,423,846
771,Laptop,New York,S1,Q2,2,976,1952
772,Mouse,Paris,S2,Q3,3,140,420
773,Laptop,London,S2,Q1,1,377,377
774,TV,London,S1,Q1,4,808,3232
775,Mouse,Paris,S3,Q1,3,687,2061
776,TV,Paris,S3,Q1,4,298,1192
777,Mobile,Paris,S3,Q2,5,504,2520
778,TV,Paris,S2,Q4,2,727,1454
779,Laptop,London,S1,Q4,3,211,633
780,Mobile,New York,S2,Q1,3,935,2805
781,TV,Paris,S3,Q1,1,806,806
782,Mobile,Paris,S3,Q1,4,635,2540
783,Mouse,New York,S3,Q2,1,532,532
784,Mobile,London,S3,Q1,5,962,4810
785,TV,London,S2,Q1,1,608,608
786,Laptop,New York,S2,Q1,1,749,749
787,Mouse,Paris,S3,Q2,5,416,2080
788,Mouse,Paris,S3,Q2,4,943,3772
789,TV,Paris,S3,Q4,1,442,442
790,TV,New York,S2,Q2,5,636,3180
791,Mouse,Paris,S3,Q2,1,481,481
792,Mouse,Paris,S3,Q2,4,650,2600
793,Mouse,New York,S1,Q2,5,852,4260
794,Mouse,Paris,S3,Q3,2,301,602
795,Mouse,Paris,S2,Q3,1,750,750
796,Mouse,New York,S2,Q1,1,935,935
797,Mouse,Paris,S1,Q3,5,968,4840
798,TV,London,S1,Q3,1,662,662
799,Mouse,London,S1,Q3,2,203,406
800,Mobile,Paris,S3,Q2,1,506,506
801,TV,Paris,S1,Q2,1,692,692
802,TV,Paris,S1,Q1,1,240,240
803,TV,New York,S1,Q3,1,674,674
804,Laptop,Paris,S1,Q3,1,948,948
805,Mobile,New York,S3,Q4,4,468,1872
806,Mobile,Paris,S3,Q4,2,900,1800
807,TV,New York,S1,Q3,4,827,3308
808,Mobile,London,S3,Q2,1,267,267
809,Mobile,London,S1,Q1,3,435,1305
810,TV,London,S2,Q3,3,815,2445
811,Mouse,Paris,S3,Q2,1,759,759
812,Mobile,Paris,S2,Q4,3,412,1236
813,Laptop,Paris,S2,Q4,3,725,2175
814,Mouse,Paris,S3,Q3,2,599,1198
815,Mouse,London,S1,Q4,5,430,2150
816,Laptop,Paris,S1,Q2,1,616,616
817,Laptop,New York,S1,Q2,3,132,396
818,TV,New York,S1,Q3,5,990,4950
819,TV,New York,S3,Q3,4,388,1552
820,Laptop,New York,S3,Q3,3,227,681
821,TV,London,S1,Q4,2,930,1860
822,TV,London,S1,Q4,2,673,1346
823,Laptop,New York,S1,Q2,2,424,848
824,Mouse,New York,S1,Q1,2,573,1146
825,Mouse,London,S1,Q3,1,303,303
826,Mobile,Paris,S3,Q2,2,444,888
827,Mobile,New York,S2,Q2,2,538,1076
828,Mobile,Paris,S1,Q3,4,652,2608
829,TV,Paris,S3,Q3,2,513,1026
830,Laptop,New York,S2,Q3,3,877,2631
831,Laptop,London,S2,Q1,3,199,597
832,Mobile,New York,S1,Q4,1,694,694
833,TV,London,S2,Q1,3,761,2283
834,Mobile,London,S3,Q4,4,709,2836
835,TV,London,S1,Q4,1,980,980
836,Laptop,Paris,S1,Q1,4,182,728
837,Laptop,New York,S1,Q1,2,899,1798
838,TV,New York,S1,Q2,2,894,1788
839,TV,New York,S3,Q4,3,440,1320
840,Mobile,London,S3,Q3,4,704,2816
841,Mobile,London,S3,Q2,3,347,1041
842,Mouse,London,S3,Q1,1,269,269
843,TV,London,S3,Q1,5,250,1250
844,Mobile,Paris,S3,Q1,1,465,465
845,Laptop,Paris,S2,Q4,3,160,480
846,TV,Paris,S2,Q2,1,430,430
847,Mouse,New York,S2,Q4,2,437,874
848,TV,Paris,S3,Q4,3,418,1254
849,Laptop,New York,S3,Q2,1,987,987
850,Mobile,New York,S3,Q2,2,820,1640
851,Laptop,London,S2,Q3,1,394,394
852,Laptop,London,S2,Q1,1,949,949
853,Mouse,Paris,S1,Q2,5,669,3345
854,Mobile,Paris,S2,Q2,4,725,2900
855,Mouse,Paris,S1,Q3,4,629,2516
856,TV,Paris,S2,Q4,3,797,2391
857,Laptop,London,S2,Q4,5,974,4870
858,TV,Paris,S1,Q3,3,853,2559
859,Laptop,London,S2,Q2,5,744,3720
860,Laptop,New York,S1,Q2,3,720,2160
861,Mobile,Paris,S3,Q4,5,228,1140
862,Mouse,Paris,S2,Q3,1,376,376
863,Laptop,Paris,S2,Q4,1,848,848
864,Mobile,New York,S3,Q4,5,647,3235
865,TV,New York,S1,Q2,2,906,1812
866,Mouse,London,S1,Q1,5,236,1180
867,TV,Paris,S1,Q3,1,729,729
868,Laptop,New York,S3,Q1,4,570,2280
869,Mouse,Paris,S2,Q1,1,384,384
870,Mobile,London,S3,Q1,4,594,2376
871,Mouse,Paris,S1,Q1,5,549,2745
872,Laptop,New York,S2,Q2,1,513,513
873,Laptop,New York,S3,Q4,2,598,1196
874,TV,New York,S2,Q3,4,214,856
875,Mouse,New York,S1,Q2,4,110,440
876,TV,Paris,S3,Q3,3,217,651
877,Mobile,New York,S3,Q1,1,274,274
878,Laptop,New York,S1,Q3,3,429,1287
879,Mouse,Paris,S2,Q1,5,453,2265
880,Mobile,London,S2,Q1,2,192,384
881,Mouse,Paris,S1,Q4,1,344,344
882,Mouse,London,S1,Q3,2,116,232
883,Mobile,London,S1,Q2,1,550,550
884,Mobile,New York,S1,Q3,5,292,1460
885,Laptop,New York,S1,Q3,1,350,350
886,Laptop,Paris,S3,Q1,5,515,2575
887,TV,London,S2,Q4,1,731,731
888,Mouse,London,S1,Q1,1,598,598
889,Mouse,Paris,S2,Q1,5,438,2190
890,Mobile,New York,S1,Q1,3,238,714
891,Laptop,New York,S2,Q1,2,534,1068
892,Mouse,New York,S2,Q2,4,850,3400
893,Laptop,Paris,S1,Q1,5,181,905
894,TV,London,S1,Q2,4,320,1280
895,Mobile,New York,S1,Q3,3,102,306
896,TV,New York,S3,Q3,4,606,2424
897,Mouse,Paris,S2,Q3,3,195,585
898,Mobile,New York,S3,Q2,1,447,447
899,Mobile,New York,S1,Q4,1,235,235
900,Laptop,New York,S2,Q1,5,929,4645
901,Mobile,New York,S1,Q3,5,310,1550
902,Mouse,London,S3,Q3,4,364,1456
903,Mobile,New York,S1,Q2,1,499,499
904,Mobile,Paris,S3,Q1,2,903,1806
905,TV,London,S1,Q2,2,943,1886
906,TV,London,S1,Q3,3,924,2772
907,Mouse,London,S3,Q2,4,749,2996
908,Mouse,Paris,S3,Q4,1,829,829
909,TV,New York,S3,Q2,2,417,834
910,Mouse,London,S2,Q2,1,338,338
911,Mobile,New York,S3,Q2,5,228,1140
912,TV,London,S1,Q2,5,967,4835
913,Mobile,New York,S2,Q3,5,306,1530
914,Mouse,Paris,S3,Q2,4,968,3872
915,Mouse,London,S1,Q1,5,504,2520
916,Mouse,Paris,S3,Q1,4,219,876
917,TV,New York,S2,Q1,3,603,1809
918,Mouse,Paris,S1,Q3,5,329,1645
919,TV,New York,S3,Q1,5,867,4335
920,TV,Paris,S3,Q1,3,579,1737
921,Laptop,New York,S3,Q1,3,774,2322
922,Mobile,Paris,S1,Q1,1,902,902
923,Mouse,Paris,S3,Q1,3,607,1821
924,Mouse,London,S3,Q2,2,532,1064
925,Mouse,Paris,S3,Q4,3,541,1623
926,Mobile,Paris,S1,Q1,5,237,1185
927,Mobile,London,S1,Q1,3,782,2346
928,TV,New York,S1,Q3,1,375,375
929,Mouse,Paris,S3,Q4,3,721,2163
930,TV,Paris,S1,Q3,3,662,1986
931,Laptop,New York,S2,Q1,2,567,1134
932,TV,London,S2,Q3,3,288,864
933,TV,Paris,S3,Q2,2,987,1974
934,Mobile,Paris,S1,Q4,5,442,2210
935,Laptop,Paris,S3,Q1,1,281,281
936,TV,New York,S3,Q1,4,292,1168
937,Mobile,New York,S2,Q2,1,192,192
938,TV,New York,S2,Q4,2,211,422
939,Laptop,Paris,S3,Q3,4,395,1580
940,TV,New York,S2,Q3,4,283,1132
941,TV,New York,S1,Q1,2,904,1808
942,Laptop,New York,S2,Q4,2,686,1372
943,Mouse,Paris,S2,Q4,5,395,1975
944,TV,New York,S1,Q4,4,727,2908
945,Mobile,New York,S2,Q3,5,338,1690
946,Mouse,Paris,S1,Q3,1,278,278
947,Mouse,London,S2,Q1,1,363,363
948,Mobile,Paris,S1,Q2,4,479,1916
949,Mobile,London,S3,Q4,1,884,884
950,Mouse,New York,S2,Q1,3,593,1779
951,Mobile,New York,S2,Q3,4,669,2676
952,TV,Paris,S2,Q2,2,663,1326
953,Mobile,London,S3,Q1,1,907,907
954,Mouse,Paris,S3,Q2,5,961,4805
955,Mouse,New York,S3,Q4,1,519,519
956,Laptop,London,S1,Q2,4,322,1288
957,TV,New York,S3,Q4,2,130,260
958,Mobile,Paris,S2,Q4,5,291,1455
959,TV,New York,S2,Q4,3,211,633
960,Mouse,New York,S3,Q1,1,346,346
961,Mobile,Paris,S2,Q1,2,280,560
962,Mouse,New York,S1,Q2,5,188,940
963,Mouse,New York,S3,Q4,1,498,498
964,TV,Paris,S3,Q3,5,948,4740
965,Mouse,London,S2,Q3,5,181,905
966,Laptop,London,S3,Q4,4,137,548
967,Mobile,Paris,S1,Q3,2,538,1076
968,Mobile,Paris,S1,Q4,5,976,4880
969,Laptop,London,S1,Q2,3,688,2064
970,Laptop,New York,S2,Q3,4,650,2600
971,Mouse,London,S1,Q4,3,585,1755
972,Mobile,New York,S1,Q2,3,511,1533
973,Mobile,London,S2,Q2,5,521,2605
974,Mouse,Paris,S2,Q1,3,486,1458
975,Mouse,Paris,S1,Q3,5,354,1770
976,Laptop,New York,S1,Q3,1,386,386
977,TV,London,S2,Q4,4,624,2496
978,Laptop,Paris,S2,Q2,1,375,375
979,Mouse,London,S1,Q2,4,580,2320
980,Laptop,Paris,S1,Q1,2,427,854
981,TV,Paris,S1,Q3,3,573,1719
982,Mobile,Paris,S1,Q3,5,596,2980
983,Mouse,London,S1,Q4,2,857,1714
984,TV,Paris,S1,Q2,5,707,3535
985,TV,London,S2,Q2,2,880,1760
986,Mobile,London,S2,Q1,1,566,566
987,Mouse,Paris,S1,Q4,2,463,926
988,Mobile,London,S3,Q4,4,516,2064
989,Laptop,London,S2,Q3,1,143,143
990,Mobile,Paris,S2,Q4,1,899,899
991,Mobile,London,S1,Q2,1,171,171
992,Mobile,New York,S1,Q3,2,801,1602
993,Mobile,Paris,S3,Q3,1,580,580
994,Mouse,New York,S1,Q1,5,523,2615
995,Mobile,New York,S2,Q2,5,592,2960
996,Mouse,Paris,S2,Q4,1,326,326
997,Mobile,Paris,S1,Q1,3,549,1647
998,Mobile,Paris,S3,Q4,3,372,1116
999,TV,Paris,S2,Q4,2,649,1298
1000,Mobile,London,S3,Q4,4,825,3300
1001,TV,London,S3,Q4,2,368,736
1002,Mouse,New York,S1,Q1,4,346,1384
1003,Mouse,New York,S3,Q2,4,454,1816
1004,TV,Paris,S1,Q2,2,915,1830
1005,Mouse,London,S3,Q4,2,999,1998
1006,TV,Paris,S1,Q3,4,386,1544
1007,Mouse,Paris,S2,Q1,1,610,610
1008,TV,Paris,S2,Q4,2,172,344
1009,TV,New York,S3,Q3,5,294,1470
1010,TV,Paris,S1,Q3,3,559,1677
1011,Laptop,London,S2,Q3,2,450,900
1012,TV,Paris,S3,Q4,1,345,345
1013,Laptop,New York,S2,Q3,2,248,496
1014,Laptop,London,S2,Q1,5,580,2900
1015,Mouse,New York,S1,Q3,2,349,698
1016,TV,Paris,S2,Q1,5,988,4940
1017,TV,London,S2,Q1,3,211,633
1018,Mouse,Paris,S3,Q4,3,629,1887
1019,Laptop,Paris,S2,Q4,3,651,1953
1020,TV,New York,S1,Q4,1,811,811
1021,Mobile,Paris,S1,Q4,5,989,4945
1022,Laptop,London,S3,Q1,3,336,1008
1023,TV,London,S1,Q1,3,851,2553
1024,TV,London,S3,Q2,3,207,621
1025,Mouse,Paris,S2,Q1,3,544,1632
1026,Laptop,New York,S2,Q2,1,714,714
1027,Mobile,New York,S1,Q4,2,346,692
1028,Mobile,London,S1,Q3,5,210,1050
1029,Laptop,London,S1,Q3,2,793,1586
1030,TV,London,S3,Q1,3,307,921
1031,Mouse,New York,S3,Q1,1,701,701
1032,Laptop,London,S2,Q1,5,873,4365
1033,Mobile,New York,S2,Q3,5,754,3770
1034,TV,London,S3,Q1,1,514,514
1035,Laptop,Paris,S2,Q1,2,916,1832
1036,Mobile,London,S2,Q2,5,631,3155
1037,TV,New York,S3,Q4,2,245,490
1038,Mouse,London,S1,Q2,5,483,2415
1039,Mouse,Paris,S3,Q3,3,850,2550
1040,Mouse,Paris,S1,Q3,3,711,2133
1041,Mobile,New York,S1,Q1,1,426,426
1042,Mobile,New York,S1,Q3,4,240,960
1043,TV,New York,S2,Q1,4,907,3628
1044,Mobile,New York,S1,Q2,4,963,3852
1045,Laptop,New York,S3,Q3,3,258,774
1046,Laptop,Paris,S1,Q2,4,470,1880
1047,Mobile,New York,S1,Q1,3,897,2691
1048,TV,New York,S2,Q2,5,984,4920
1049,Laptop,Paris,S2,Q3,5,762,3810
1050,Laptop,New York,S2,Q4,2,593,1186
1051,Mouse,London,S3,Q2,2,245,490
1052,Mobile,New York,S1,Q1,2,311,622
1053,TV,Paris,S3,Q3,2,750,1500
1054,Mobile,London,S3,Q4,1,908,908
1055,Mobile,London,S2,Q4,3,633,1899
1056,Laptop,New York,S3,Q3,5,862,4310
1057,TV,Paris,S1,Q4,4,698,2792
1058,TV,London,S2,Q1,3,332,996
1059,Laptop,Paris,S2,Q3,5,274,1370
1060,Laptop,Paris,S3,Q2,1,336,336
1061,Mouse,Paris,S1,Q2,2,593,1186
1062,TV,New York,S3,Q3,1,124,124
1063,TV,Paris,S2,Q2,3,558,1674
1064,Mobile,London,S1,Q2,5,602,3010
1065,Laptop,New York,S2,Q4,1,909,909
1066,TV,New York,S3,Q3,1,854,854
1067,TV,Paris,S1,Q3,2,755,1510
1068,TV,London,S3,Q3,2,175,350
1069,Mouse,London,S3,Q2,2,573,1146
1070,Mobile,Paris,S3,Q3,4,111,444
1071,Laptop,New York,S3,Q1,5,564,2820
1072,Mouse,London,S1,Q2,4,895,3580
1073,TV,London,S3,Q4,5,762,3810
1074,Mouse,New York,S2,Q3,5,279,1395
1075,Mouse,London,S1,Q1,3,327,981
1076,Mobile,New York,S3,Q1,2,120,240
1077,Mouse,London,S3,Q3,4,384,1536
1078,Mouse,London,S2,Q3,4,997,3988
1079,TV,New York,S1,Q2,4,129,516
1080,Laptop,Paris,S3,Q2,5,526,2630
1081,TV,New York,S1,Q4,4,466,1864
1082,Mouse,London,S3,Q3,3,649,1947
1083,TV,Paris,S3,Q1,4,108,432
1084,Mouse,New York,S2,Q1,4,954,3816
1085,TV,Paris,S1,Q2,2,935,1870
1086,Laptop,New York,S1,Q2,1,717,717
1087,Mobile,Paris,S3,Q2,3,540,1620
1088,Laptop,London,S3,Q3,5,387,1935
1089,TV,Paris,S2,Q2,2,415,830
1090,Mouse,London,S2,Q3,5,206,1030
1091,Mouse,London,S3,Q3,5,103,515
1092,Mobile,New York,S3,Q2,4,706,2824
1093,Laptop,London,S3,Q4,1,658,658
1094,Mouse,London,S2,Q3,2,717,1434
1095,Mouse,Paris,S2,Q3,2,270,540
1096,Mobile,London,S3,Q4,3,589,1767
1097,Mobile,London,S2,Q2,1,755,755
1098,TV,New York,S2,Q4,4,892,3568
1099,Mouse,London,S2,Q4,2,907,1814
1100,Laptop,London,S1,Q2,2,402,804
1101,Laptop,New York,S1,Q2,1,567,567
1102,TV,Paris,S3,Q1,2,259,518
1103,TV,London,S2,Q4,1,687,687
1104,TV,London,S2,Q4,1,837,837
1105,Mouse,Paris,S2,Q1,3,735,2205
1106,Mouse,New York,S3,Q2,1,177,177
1107,TV,London,S3,Q4,5,255,1275
1108,Mouse,London,S3,Q4,5,721,3605
1109,TV,London,S2,Q4,2,227,454
1110,TV,New York,S2,Q4,5,519,2595
1111,TV,New York,S3,Q4,5,455,2275
1112,Mouse,London,S1,Q1,4,247,988
1113,TV,New York,S3,Q3,5,222,1110
1114,Mouse,Paris,S1,Q4,5,203,1015
1115,Mobile,New York,S3,Q3,4,436,1744
1116,Laptop,Paris,S2,Q1,4,500,2000
1117,Laptop,New York,S3,Q4,2,872,1744
1118,Laptop,Paris,S3,Q4,3,305,915
1119,Mobile,Paris,S1,Q1,3,884,2652
1120,Mouse,Paris,S2,Q2,5,350,1750
1121,Mouse,Paris,S1,Q1,5,425,2125
1122,Mobile,London,S3,Q2,2,936,1872
1123,Mouse,Paris,S1,Q4,1,823,823
1124,Mouse,Paris,S3,Q3,3,153,459
1125,TV,Paris,S2,Q3,1,994,994
1126,TV,London,S3,Q1,1,805,805
1127,Laptop,New York,S1,Q4,3,772,2316
1128,Mobile,Paris,S1,Q3,4,303,1212
1129,Mouse,London,S1,Q3,4,342,1368
1130,TV,Paris,S2,Q3,5,270,1350
1131,Laptop,London,S1,Q2,4,151,604
1132,Mobile,London,S1,Q2,3,310,930
1133,Mouse,New York,S2,Q4,3,125,375
1134,Mobile,Paris,S1,Q4,1,119,119
1135,Mouse,Paris,S3,Q3,4,306,1224
1136,Mobile,Paris,S2,Q3,2,141,282
1137,Mobile,Paris,S2,Q2,3,374,1122
1138,Mouse,New York,S2,Q4,1,319,319
1139,Laptop,Paris,S3,Q4,3,458,1374
1140,Laptop,London,S2,Q2,4,662,2648
1141,Laptop,London,S2,Q1,1,368,368
1142,Laptop,London,S2,Q2,1,215,215
1143,TV,Paris,S1,Q3,2,622,1244
1144,Mouse,New York,S1,Q3,5,890,4450
1145,TV,Paris,S3,Q1,2,153,306
1146,Laptop,Paris,S1,Q4,3,897,2691
1147,Mouse,London,S3,Q4,4,192,768
1148,Laptop,Paris,S2,Q4,1,457,457
1149,TV,Paris,S3,Q1,4,605,2420
1150,TV,Paris,S1,Q2,1,821,821
1151,Laptop,London,S2,Q2,1,490,490
1152,Mouse,London,S2,Q2,3,919,2757
1153,Laptop,London,S1,Q4,2,615,1230
1154,Laptop,Paris,S2,Q2,4,612,2448
1155,Mobile,New York,S2,Q1,5,390,1950
1156,Mouse,London,S3,Q4,2,855,1710
1157,Mobile,Paris,S3,Q4,1,757,757
1158,Mouse,London,S3,Q3,3,286,858
1159,Mobile,London,S1,Q3,2,138,276
1160,Laptop,New York,S2,Q2,3,165,495
1161,Mouse,New York,S2,Q2,5,354,1770
1162,Mobile,London,S1,Q3,2,957,1914
1163,Mobile,New York,S1,Q2,4,811,3244
1164,Mouse,New York,S3,Q1,2,706,1412
1165,TV,London,S2,Q1,2,132,264
1166,TV,London,S2,Q2,3,522,1566
1167,Laptop,New York,S1,Q4,5,260,1300
1168,Mobile,New York,S1,Q3,2,791,1582
1169,Mobile,London,S2,Q2,3,234,702
1170,Mobile,New York,S2,Q1,2,463,926
1171,Mobile,Paris,S2,Q3,4,990,3960
1172,TV,London,S2,Q1,2,271,542
1173,Mobile,New York,S2,Q1,1,184,184
1174,Mobile,Paris,S3,Q2,4,323,1292
1175,Mouse,Paris,S3,Q1,1,528,528
1176,TV,London,S3,Q1,2,152,304
1177,Mouse,Paris,S2,Q3,2,882,1764
1178,Mobile,London,S3,Q3,3,438,1314
1179,TV,London,S3,Q3,4,722,2888
1180,TV,London,S1,Q3,3,619,1857
1181,Mobile,New York,S3,Q4,3,696,2088
1182,Mobile,London,S3,Q4,5,294,1470
1183,Mouse,London,S2,Q1,5,426,2130
1184,Mobile,Paris,S2,Q2,1,889,889
1185,Mouse,London,S1,Q4,1,365,365
1186,Mobile,New York,S1,Q1,2,111,222
1187,Laptop,London,S2,Q2,1,519,519
1188,Laptop,Paris,S3,Q2,5,526,2630
1189,Laptop,New York,S2,Q1,3,945,2835
1190,Mouse,New York,S3,Q4,1,191,191
1191,Mobile,Paris,S3,Q1,4,831,3324
1192,Laptop,New York,S1,Q2,3,617,1851
1193,Mouse,Paris,S2,Q1,5,808,4040
1194,Laptop,New York,S2,Q3,2,165,330
1195,TV,Paris,S1,Q2,4,594,2376
1196,Laptop,New York,S3,Q1,3,246,738
1197,Mobile,Paris,S1,Q2,5,527,2635
1198,Mouse,London,S1,Q3,3,986,2958
1199,TV,Paris,S2,Q3,2,175,350
1200,Mobile,Paris,S1,Q3,4,990,3960
1201,Mouse,London,S2,Q1,5,509,2545
1202,Mobile,New York,S3,Q3,5,737,3685
1203,Mobile,New York,S2,Q4,4,518,2072
1204,Mouse,London,S2,Q4,4,538,2152
1205,Mobile,New York,S1,Q2,5,588,2940
1206,Laptop,New York,S3,Q3,3,974,2922
1207,Mobile,New York,S1,Q3,2,954,1908
1208,Mobile,London,S1,Q1,3,912,2736
1209,Mouse,New York,S3,Q3,3,781,2343
1210,Mobile,New York,S3,Q2,3,748,2244
1211,Laptop,London,S1,Q3,5,189,945
1212,Mouse,London,S1,Q1,4,200,800
1213,TV,London,S1,Q4,1,636,636
1214,TV,New York,S1,Q2,3,348,1044
1215,Laptop,New York,S2,Q1,3,753,2259
1216,TV,Paris,S3,Q1,3,324,972
1217,Mouse,Paris,S2,Q4,1,983,983
1218,Laptop,London,S3,Q2,1,252,252
1219,Laptop,London,S2,Q3,2,444,888
1220,Mouse,New York,S1,Q3,3,124,372
1221,Mouse,New York,S3,Q1,1,141,141
1222,Mobile,London,S2,Q4,4,971,3884
1223,Mobile,New York,S2,Q1,5,144,720
1224,TV,London,S2,Q2,1,147,147
1225,Mobile,Paris,S3,Q2,2,641,1282
1226,Laptop,New York,S1,Q1,4,290,1160
1227,Mouse,London,S1,Q1,2,487,974
1228,Laptop,Paris,S3,Q1,4,168,672
1229,Mobile,London,S3,Q2,2,704,1408
1230,Laptop,New York,S1,Q2,5,194,970
1231,Laptop,Paris,S3,Q2,1,216,216
1232,Mobile,Paris,S1,Q1,2,263,526
1233,Mouse,London,S1,Q2,4,172,688
1234,Mouse,Paris,S2,Q2,4,890,3560
1235,Mobile,Paris,S1,Q3,5,305,1525
1236,TV,Paris,S1,Q3,1,898,898
1237,TV,Paris,S1,Q1,2,764,1528
1238,Laptop,New York,S3,Q4,2,474,948
1239,TV,Paris,S2,Q3,2,686,1372
1240,TV,London,S3,Q2,3,566,1698
1241,TV,Paris,S2,Q4,1,423,423
1242,Mobile,London,S3,Q3,1,566,566
1243,TV,Paris,S2,Q3,1,243,243
1244,Mobile,New York,S3,Q4,2,831,1662
1245,Mouse,Paris,S2,Q1,5,106,530
1246,Mobile,New York,S2,Q4,1,617,617
1247,Mouse,New York,S3,Q2,5,225,1125
1248,Laptop,Paris,S1,Q2,3,637,1911
1249,Mobile,Paris,S2,Q2,4,998,3992
1250,Mobile,New York,S1,Q2,3,701,2103
1251,Mouse,London,S2,Q4,3,427,1281
1252,Mobile,New York,S3,Q3,1,720,720
1253,Laptop,London,S3,Q4,4,134,536
1254,Mobile,Paris,S2,Q1,3,100,300
1255,Mobile,New York,S3,Q4,1,222,222
1256,Mobile,New York,S1,Q1,2,674,1348
1257,Mouse,London,S1,Q3,1,838,838
1258,Mouse,London,S3,Q4,3,215,645
1259,TV,Paris,S1,Q1,1,991,991
1260,Mouse,Paris,S2,Q2,2,434,868
1261,Mobile,New York,S3,Q3,2,903,1806
1262,Mobile,Paris,S3,Q2,5,460,2300
1263,TV,London,S2,Q4,1,880,880
1264,Laptop,New York,S2,Q3,4,433,1732
1265,Laptop,London,S2,Q2,5,803,4015
1266,Laptop,London,S2,Q2,3,409,1227
1267,TV,London,S1,Q2,1,667,667
1268,TV,London,S1,Q1,5,121,605
1269,Mobile,London,S2,Q2,1,372,372
1270,Mouse,New York,S3,Q2,4,696,2784
1271,Mobile,New York,S2,Q2,1,424,424
1272,Laptop,Paris,S1,Q1,1,808,808
1273,TV,London,S2,Q1,3,711,2133
1274,TV,New York,S2,Q2,5,521,2605
1275,Mobile,New York,S1,Q2,1,994,994
1276,Laptop,London,S1,Q2,3,782,2346
1277,Mobile,London,S2,Q1,4,799,3196
1278,TV,New York,S2,Q3,2,973,1946
1279,Mouse,London,S1,Q4,2,793,1586
1280,Laptop,London,S1,Q3,5,525,2625
1281,Laptop,Paris,S2,Q3,3,897,2691
1282,TV,New York,S2,Q4,3,170,510
1283,Mouse,New York,S2,Q3,2,292,584
1284,Mouse,New York,S1,Q4,2,462,924
1285,Laptop,London,S2,Q2,1,862,862
1286,Mobile,New York,S3,Q4,3,297,891
1287,Mouse,Paris,S2,Q4,1,793,793
1288,Laptop,London,S3,Q3,3,930,2790
1289,Laptop,Paris,S3,Q2,5,633,3165
1290,Mobile,New York,S1,Q3,1,653,653
1291,TV,London,S3,Q2,2,858,1716
1292,TV,London,S2,Q2,1,306,306
1293,TV,New York,S3,Q4,3,668,2004
1294,Mouse,New York,S3,Q2,5,996,4980
1295,Mouse,London,S1,Q2,5,420,2100
1296,Mobile,London,S3,Q1,5,627,3135
1297,Mouse,Paris,S1,Q2,2,947,1894
1298,Mouse,London,S2,Q4,3,372,1116
1299,Laptop,Paris,S3,Q3,4,792,3168
1300,Mobile,Paris,S2,Q2,5,551,2755
1301,TV,New York,S3,Q4,3,101,303
1302,TV,New York,S1,Q1,5,751,3755
1303,TV,New York,S1,Q4,1,537,537
1304,Mobile,London,S2,Q2,3,144,432
1305,Laptop,Paris,S3,Q2,5,490,2450
1306,Mobile,Paris,S2,Q1,4,720,2880
1307,Mobile,Paris,S1,Q1,5,229,1145
1308,Mobile,New York,S1,Q4,5,253,1265
1309,Mobile,Paris,S3,Q3,5,645,3225
1310,Laptop,London,S1,Q3,3,413,1239
1311,Mouse,Paris,S2,Q3,1,100,100
1312,Laptop,New York,S2,Q3,2,682,1364
1313,TV,New York,S2,Q4,5,225,1125
1314,Mouse,London,S1,Q2,3,290,870
1315,Mobile,New York,S3,Q4,4,155,620
1316,Mouse,London,S3,Q2,3,383,1149
1317,Laptop,New York,S3,Q2,2,229,458
1318,Mobile,New York,S3,Q1,1,314,314
1319,Mouse,New York,S3,Q2,1,814,814
1320,TV,London,S1,Q4,3,216,648
1321,TV,London,S1,Q4,1,756,756
1322,Mouse,London,S1,Q2,1,417,417
1323,Mouse,London,S1,Q1,5,917,4585
1324,Mouse,New York,S2,Q3,5,760,3800
1325,TV,Paris,S1,Q4,2,976,1952
1326,Laptop,New York,S2,Q4,4,200,800
1327,Laptop,New York,S1,Q1,1,256,256
1328,Mobile,New York,S3,Q4,3,719,2157
1329,Laptop,London,S3,Q3,4,346,1384
1330,Mobile,New York,S2,Q1,2,253,506
1331,TV,London,S2,Q4,5,230,1150
1332,TV,London,S2,Q3,1,687,687
1333,Laptop,Paris,S3,Q3,1,666,666
1334,TV,Paris,S1,Q2,4,507,2028
1335,Laptop,New York,S2,Q1,1,636,636
1336,TV,New York,S2,Q4,5,586,2930
1337,Mouse,New York,S3,Q1,3,765,2295
1338,TV,New York,S3,Q1,2,220,440
1339,Laptop,Paris,S3,Q4,4,864,3456
1340,TV,Paris,S2,Q2,4,385,1540
1341,Laptop,New York,S1,Q1,2,847,1694
1342,TV,London,S2,Q2,1,186,186
1343,Mobile,London,S3,Q1,4,229,916
1344,Mouse,Paris,S2,Q3,4,907,3628
1345,TV,New York,S3,Q2,4,608,2432
1346,TV,New York,S1,Q4,4,377,1508
1347,TV,Paris,S2,Q2,5,150,750
1348,Mouse,Paris,S3,Q2,4,254,1016
1349,Laptop,Paris,S1,Q4,3,168,504
1350,Mobile,Paris,S3,Q2,5,634,3170
1351,Laptop,London,S1,Q3,3,192,576
1352,TV,London,S2,Q1,5,988,4940
1353,Mobile,New York,S2,Q4,5,646,3230
1354,Mobile,New York,S3,Q2,2,751,1502
1355,TV,Paris,S2,Q2,1,621,621
1356,TV,London,S1,Q3,3,868,2604
1357,Mouse,Paris,S2,Q1,2,205,410
1358,Laptop,New York,S1,Q4,2,296,592
1359,Mobile,New York,S1,Q2,2,873,1746
1360,Mouse,London,S3,Q3,1,994,994
1361,Mouse,London,S2,Q4,2,750,1500
1362,Mouse,London,S2,Q1,4,211,844
1363,Mouse,London,S2,Q4,5,625,3125
1364,Mouse,New York,S2,Q1,5,335,1675
1365,TV,New York,S3,Q4,1,228,228
1366,TV,New York,S2,Q2,5,655,3275
1367,TV,New York,S3,Q2,2,489,978
1368,Laptop,Paris,S2,Q2,3,365,1095
1369,Mouse,London,S2,Q1,1,481,481
1370,Mobile,London,S3,Q2,4,924,3696
1371,Mouse,New York,S3,Q2,1,279,279
1372,TV,New York,S2,Q1,3,890,2670
1373,TV,London,S2,Q3,5,898,4490
1374,Mouse,Paris,S1,Q1,2,629,1258
1375,Mobile,London,S1,Q2,4,902,3608
1376,Mobile,New York,S1,Q2,2,721,1442
1377,TV,London,S2,Q4,5,442,2210
1378,Mouse,London,S3,Q2,2,317,634
1379,Mouse,London,S3,Q1,1,935,935
1380,TV,Paris,S2,Q1,3,378,1134
1381,Mobile,New York,S1,Q4,2,920,1840
1382,Laptop,New York,S1,Q4,5,509,2545
1383,TV,New York,S1,Q3,5,358,1790
1384,TV,Paris,S2,Q2,4,997,3988
1385,Mobile,New York,S1,Q1,4,357,1428
1386,Mobile,London,S3,Q2,2,187,374
1387,Mouse,Paris,S2,Q4,1,643,643
1388,Mobile,London,S1,Q1,3,429,1287
1389,Mouse,London,S1,Q1,2,754,1508
1390,TV,Paris,S3,Q4,4,515,2060
1391,Mobile,Paris,S3,Q4,4,952,3808
1392,TV,London,S3,Q4,2,520,1040
1393,Mobile,London,S1,Q4,5,336,1680
1394,Laptop,Paris,S3,Q4,5,762,3810
1395,Mobile,New York,S1,Q3,4,715,2860
1396,Mouse,Paris,S1,Q2,1,399,399
1397,Mouse,New York,S1,Q4,1,831,831
1398,Laptop,London,S2,Q4,4,411,1644
1399,Mobile,London,S2,Q2,2,944,1888
1400,Mobile,New York,S1,Q4,2,689,1378
1401,Mobile,New York,S2,Q4,5,644,3220
1402,Mobile,London,S1,Q4,3,685,2055
1403,Mobile,London,S3,Q2,5,320,1600
1404,Mobile,New York,S3,Q2,4,103,412
1405,Mobile,New York,S1,Q3,4,709,2836
1406,Mouse,London,S3,Q1,5,408,2040
1407,TV,Paris,S3,Q2,1,325,325
1408,Laptop,New York,S1,Q1,5,533,2665
1409,Mobile,New York,S1,Q2,2,612,1224
1410,Mobile,New York,S1,Q4,3,958,2874
1411,Mouse,Paris,S2,Q2,2,660,1320
1412,TV,New York,S3,Q2,4,532,2128
1413,Mobile,London,S3,Q3,2,660,1320
1414,Mouse,Paris,S2,Q3,3,910,2730
1415,TV,Paris,S1,Q4,2,179,358
1416,Laptop,Paris,S1,Q3,3,551,1653
1417,Mouse,New York,S2,Q4,3,313,939
1418,Laptop,New York,S2,Q1,2,602,1204
1419,Mouse,London,S3,Q1,4,962,3848
1420,Mouse,Paris,S2,Q3,5,183,915
1421,Mobile,Paris,S1,Q1,1,136,136
1422,Laptop,Paris,S2,Q1,2,305,610
1423,TV,Paris,S1,Q4,1,527,527
1424,Laptop,Paris,S2,Q2,5,154,770
1425,TV,New York,S1,Q1,5,989,4945
1426,TV,New York,S2,Q3,4,227,908
1427,Mobile,London,S1,Q4,1,842,842
1428,TV,London,S2,Q1,1,876,876
1429,Laptop,London,S2,Q1,4,544,2176
1430,Mouse,New York,S3,Q3,3,583,1749
1431,TV,London,S1,Q2,1,545,545
1432,Laptop,Paris,S1,Q4,2,719,1438
1433,TV,Paris,S2,Q1,1,170,170
1434,TV,Paris,S1,Q4,4,585,2340
1435,TV,London,S1,Q4,5,629,3145
1436,Mobile,New York,S1,Q1,3,483,1449
1437,Laptop,London,S1,Q3,2,376,752
1438,Mobile,London,S3,Q1,5,154,770
1439,Mouse,London,S2,Q1,3,472,1416
1440,Laptop,London,S3,Q1,1,608,608
1441,TV,Paris,S3,Q4,2,141,282
1442,Mobile,London,S1,Q3,2,674,1348
1443,TV,Paris,S1,Q1,2,472,944
1444,TV,Paris,S3,Q1,4,523,2092
1445,Laptop,New York,S1,Q1,4,295,1180
1446,Mouse,London,S1,Q4,3,763,2289
1447,TV,London,S2,Q2,1,822,822
1448,Mouse,New York,S1,Q2,3,710,2130
1449,Mobile,London,S1,Q3,4,364,1456
1450,Mobile,London,S3,Q2,3,310,930
1451,Laptop,London,S1,Q1,5,740,3700
1452,TV,Paris,S3,Q3,4,953,3812
1453,TV,New York,S3,Q4,2,778,1556
1454,Laptop,London,S2,Q4,2,938,1876
1455,Mouse,New York,S2,Q3,1,812,812
1456,TV,Paris,S3,Q3,2,488,976
1457,TV,New York,S3,Q4,1,511,511
1458,Mouse,New York,S3,Q2,4,992,3968
1459,TV,Paris,S3,Q4,1,100,100
1460,Mobile,London,S3,Q4,2,232,464
1461,Mouse,New York,S2,Q2,4,970,3880
1462,TV,New York,S2,Q3,4,221,884
1463,Laptop,Paris,S2,Q1,3,351,1053
1464,Mobile,Paris,S3,Q3,2,809,1618
1465,TV,New York,S1,Q2,3,993,2979
1466,TV,Paris,S2,Q2,2,456,912
1467,TV,Paris,S3,Q2,2,662,1324
1468,Mobile,London,S1,Q4,1,618,618
1469,Laptop,New York,S2,Q3,1,151,151
1470,TV,Paris,S1,Q4,2,830,1660
1471,Laptop,Paris,S1,Q4,4,251,1004
1472,Mobile,Paris,S3,Q4,1,968,968
1473,Mouse,New York,S3,Q3,4,572,2288
1474,Mouse,London,S2,Q2,5,766,3830
1475,TV,London,S1,Q3,1,869,869
1476,Laptop,London,S2,Q4,4,270,1080
1477,Mobile,New York,S2,Q3,3,538,1614
1478,Mobile,Paris,S2,Q4,5,183,915
1479,Mobile,Paris,S1,Q1,1,792,792
1480,Laptop,London,S2,Q1,1,139,139
1481,TV,London,S3,Q3,5,829,4145
1482,Mobile,New York,S3,Q1,2,973,1946
1483,Mouse,New York,S3,Q4,3,336,1008
1484,Mobile,London,S2,Q2,1,546,546
1485,Mouse,London,S2,Q2,1,495,495
1486,Mobile,Paris,S1,Q1,3,425,1275
1487,Laptop,Paris,S3,Q2,2,313,626
1488,Mouse,London,S3,Q4,1,960,960
1489,Mouse,London,S1,Q4,1,889,889
1490,TV,Paris,S1,Q3,2,265,530
1491,TV,London,S1,Q2,3,578,1734
1492,Mouse,New York,S3,Q2,3,787,2361
1493,Mouse,New York,S3,Q1,3,709,2127
1494,Mouse,New York,S2,Q1,1,563,563
1495,Mobile,London,S3,Q4,5,842,4210
1496,Laptop,London,S3,Q2,2,592,1184
1497,Mobile,New York,S3,Q2,5,286,1430
1498,TV,London,S3,Q4,2,664,1328
1499,Mobile,New York,S3,Q3,1,675,675
1500,Laptop,New York,S1,Q2,3,138,414
1501,Mouse,New York,S3,Q4,5,471,2355
1502,Mobile,London,S2,Q2,3,510,1530
1503,Laptop,London,S3,Q3,2,702,1404
1504,Mouse,Paris,S3,Q2,3,804,2412
1505,Mobile,Paris,S3,Q3,4,714,2856
1506,Laptop,London,S3,Q2,4,802,3208
1507,Mobile,New York,S2,Q2,4,608,2432
1508,Mouse,New York,S1,Q1,2,287,574
1509,TV,London,S3,Q2,2,175,350
1510,Mouse,New York,S1,Q1,1,486,486
1511,TV,London,S2,Q2,5,445,2225
1512,TV,Paris,S2,Q4,5,865,4325
1513,Mobile,Paris,S1,Q4,5,358,1790
1514,Mouse,Paris,S3,Q1,3,248,744
1515,TV,New York,S3,Q2,2,797,1594
1516,TV,Paris,S2,Q2,1,555,555
1517,Mouse,London,S1,Q3,5,299,1495
1518,Mobile,New York,S3,Q1,4,363,1452
1519,TV,New York,S3,Q2,1,704,704
1520,Mouse,London,S3,Q2,2,493,986
1521,Laptop,New York,S1,Q2,5,441,2205
1522,Mobile,Paris,S1,Q4,5,947,4735
1523,TV,New York,S3,Q2,5,324,1620
1524,Laptop,London,S1,Q3,3,315,945
1525,Laptop,New York,S1,Q3,1,319,319
1526,Mouse,Paris,S1,Q1,2,746,1492
1527,TV,London,S3,Q2,2,636,1272
1528,Laptop,London,S3,Q1,2,525,1050
1529,Mouse,London,S2,Q1,3,105,315
1530,Laptop,New York,S2,Q1,2,925,1850
1531,TV,New York,S3,Q2,4,761,3044
1532,Laptop,Paris,S1,Q1,1,862,862
1533,Laptop,London,S1,Q2,1,594,594
1534,Mobile,New York,S3,Q3,4,912,3648
1535,TV,London,S1,Q4,2,646,1292
1536,Mouse,Paris,S1,Q3,1,878,878
1537,Laptop,Paris,S2,Q3,4,398,1592
1538,Laptop,Paris,S1,Q2,3,581,1743
1539,Mobile,London,S2,Q2,3,138,414
1540,Mobile,Paris,S1,Q2,1,968,968
1541,Mouse,Paris,S2,Q1,4,375,1500
1542,TV,London,S1,Q1,4,155,620
1543,Mobile,New York,S2,Q4,1,538,538
1544,Laptop,New York,S3,Q1,5,739,3695
1545,Mobile,New York,S3,Q1,4,456,1824
1546,Laptop,London,S2,Q2,1,633,633
1547,TV,London,S3,Q3,5,921,4605
1548,TV,London,S1,Q4,4,770,3080
1549,Mobile,London,S3,Q2,1,200,200
1550,TV,New York,S2,Q3,1,198,198
1551,TV,Paris,S2,Q3,3,613,1839
1552,Mobile,London,S3,Q3,5,693,3465
1553,Mouse,London,S3,Q2,4,966,3864
1554,Laptop,London,S2,Q2,2,270,540
1555,Laptop,London,S1,Q2,1,532,532
1556,Laptop,New York,S1,Q2,1,128,128
1557,Laptop,New York,S2,Q1,2,256,512
1558,Mobile,London,S2,Q2,1,271,271
1559,Mobile,Paris,S2,Q3,3,725,2175
1560,TV,New York,S2,Q1,2,821,1642
1561,TV,Paris,S2,Q4,1,412,412
1562,TV,London,S3,Q2,1,191,191
1563,Mouse,London,S2,Q4,5,473,2365
1564,Laptop,Paris,S1,Q1,2,131,262
1565,Laptop,New York,S3,Q2,2,303,606
1566,Laptop,Paris,S2,Q1,5,897,4485
1567,Laptop,New York,S2,Q2,3,529,1587
1568,Mouse,London,S3,Q1,4,774,3096
1569,Mobile,Paris,S1,Q2,5,857,4285
1570,Laptop,Paris,S3,Q2,2,944,1888
1571,TV,London,S2,Q2,4,429,1716
1572,Mouse,Paris,S3,Q1,2,385,770
1573,Mobile,Paris,S2,Q2,3,496,1488
1574,Mobile,New York,S1,Q2,5,297,1485
1575,Mobile,New York,S1,Q2,4,583,2332
1576,TV,Paris,S3,Q2,2,757,1514
1577,Laptop,New York,S2,Q1,3,725,2175
1578,Mobile,Paris,S1,Q4,2,924,1848
1579,Mobile,London,S3,Q4,1,374,374
1580,Laptop,Paris,S3,Q4,3,826,2478
1581,Mobile,New York,S3,Q2,3,995,2985
1582,TV,New York,S1,Q3,4,268,1072
1583,Laptop,Paris,S1,Q3,1,466,466
1584,Mouse,Paris,S3,Q2,4,171,684
1585,Laptop,New York,S1,Q1,1,381,381
1586,Laptop,New York,S3,Q1,4,772,3088
1587,Mobile,Paris,S1,Q3,2,853,1706
1588,Laptop,New York,S2,Q4,5,650,3250
1589,Laptop,New York,S1,Q1,2,468,936
1590,TV,New York,S2,Q2,2,315,630
1591,TV,Paris,S1,Q4,4,941,3764
1592,Laptop,Paris,S2,Q1,2,169,338
1593,TV,New York,S2,Q2,2,751,1502
1594,Mobile,New York,S2,Q3,2,700,1400
1595,Laptop,London,S1,Q2,5,794,3970
1596,Mobile,London,S3,Q4,2,880,1760
1597,TV,Paris,S2,Q2,3,841,2523
1598,Mobile,Paris,S2,Q4,3,937,2811
1599,Mobile,London,S3,Q3,2,714,1428
1600,Laptop,London,S3,Q3,1,705,705
1601,Mouse,London,S1,Q3,4,674,2696
1602,Laptop,New York,S1,Q1,2,392,784
1603,Laptop,Paris,S2,Q4,3,602,1806
1604,TV,New York,S1,Q3,4,450,1800
1605,TV,London,S3,Q4,2,291,582
1606,Mouse,Paris,S2,Q4,2,265,530
1607,Mobile,Paris,S2,Q1,3,605,1815
1608,TV,London,S1,Q1,3,601,1803
1609,TV,New York,S1,Q2,5,860,4300
1610,Laptop,London,S3,Q2,3,297,891
1611,Mobile,London,S1,Q3,3,779,2337
1612,TV,Paris,S3,Q4,2,347,694
1613,TV,New York,S3,Q2,5,492,2460
1614,Laptop,Paris,S1,Q3,3,827,2481
1615,Mobile,London,S3,Q2,5,214,1070
1616,Mouse,Paris,S3,Q3,1,229,229
1617,Mouse,London,S3,Q3,2,970,1940
1618,Laptop,London,S2,Q1,4,440,1760
1619,Laptop,Paris,S1,Q2,4,636,2544
1620,TV,London,S2,Q2,1,422,422
1621,Laptop,London,S3,Q1,5,659,3295
1622,Laptop,London,S3,Q3,4,705,2820
1623,Laptop,New York,S2,Q3,5,796,3980
1624,Mobile,New York,S3,Q4,5,567,2835
1625,Mobile,London,S2,Q1,2,311,622
1626,Mouse,New York,S1,Q1,2,650,1300
1627,Laptop,New York,S2,Q4,4,748,2992
1628,Mouse,New York,S3,Q4,2,688,1376
1629,Mouse,Paris,S2,Q3,4,930,3720
1630,Laptop,New York,S1,Q2,2,404,808
1631,TV,Paris,S2,Q1,4,410,1640
1632,Mouse,Paris,S2,Q2,5,762,3810
1633,Laptop,New York,S3,Q1,1,252,252
1634,Laptop,London,S3,Q1,3,285,855
1635,TV,London,S2,Q3,5,458,2290
1636,Mouse,London,S2,Q3,1,842,842
1637,Mouse,New York,S1,Q1,5,116,580
1638,Mobile,Paris,S2,Q3,5,645,3225
1639,Mouse,London,S2,Q2,5,622,3110
1640,Mobile,New York,S1,Q1,1,691,691
1641,Mobile,Paris,S2,Q4,4,902,3608
1642,Laptop,London,S2,Q3,4,884,3536
1643,Mouse,London,S2,Q4,3,503,1509
1644,Laptop,New York,S1,Q4,5,928,4640
1645,TV,Paris,S2,Q3,1,666,666
1646,Laptop,London,S2,Q1,2,562,1124
1647,Laptop,New York,S1,Q2,2,281,562
1648,Mobile,New York,S3,Q2,3,896,2688
1649,TV,London,S2,Q4,4,867,3468
1650,TV,London,S3,Q2,3,124,372
1651,Mobile,New York,S2,Q2,5,893,4465
1652,Laptop,Paris,S2,Q2,3,152,456
1653,Mouse,Paris,S3,Q3,3,898,2694
1654,Laptop,Paris,S2,Q3,3,495,1485
1655,Mobile,Paris,S3,Q1,5,562,2810
1656,Laptop,New York,S3,Q2,4,229,916
1657,Mouse,Paris,S2,Q2,3,701,2103
1658,Mobile,Paris,S2,Q3,5,238,1190
1659,Laptop,New York,S3,Q2,2,217,434
1660,TV,Paris,S1,Q3,3,802,2406
1661,Mouse,Paris,S1,Q3,4,174,696
1662,Mobile,London,S1,Q2,3,114,342
1663,Mobile,New York,S1,Q4,4,579,2316
1664,TV,Paris,S1,Q1,4,945,3780
1665,Mouse,London,S1,Q3,3,200,600
1666,Laptop,New York,S2,Q1,3,852,2556
1667,Mouse,London,S3,Q3,2,617,1234
1668,TV,New York,S3,Q4,4,111,444
1669,Laptop,New York,S2,Q3,5,948,4740
1670,Mouse,Paris,S2,Q4,4,257,1028
1671,Laptop,New York,S2,Q3,3,949,2847
1672,Mouse,London,S2,Q2,3,313,939
1673,TV,London,S2,Q4,4,412,1648
1674,Mobile,Paris,S3,Q1,2,569,1138
1675,TV,Paris,S1,Q2,4,478,1912
1676,TV,New York,S2,Q4,2,217,434
1677,Laptop,London,S3,Q4,5,404,2020
1678,TV,New York,S3,Q3,2,540,1080
1679,Laptop,New York,S3,Q3,4,289,1156
1680,Mobile,Paris,S2,Q1,2,585,1170
1681,Mouse,New York,S2,Q4,1,106,106
1682,TV,London,S3,Q4,2,349,698
1683,Mouse,Paris,S3,Q4,3,570,1710
1684,Mobile,Paris,S1,Q3,2,973,1946
1685,Mobile,New York,S1,Q4,3,309,927
1686,Laptop,London,S2,Q1,4,689,2756
1687,Mouse,London,S3,Q3,3,715,2145
1688,TV,Paris,S3,Q3,4,312,1248
1689,Mobile,Paris,S2,Q1,2,438,876
1690,TV,New York,S3,Q1,1,565,565
1691,Mobile,New York,S2,Q2,3,862,2586
1692,Mouse,London,S3,Q2,2,812,1624
1693,Mobile,New York,S1,Q1,2,837,1674
1694,Mouse,Paris,S1,Q2,4,964,3856
1695,Mobile,New York,S3,Q4,5,579,2895
1696,Mobile,London,S3,Q4,1,609,609
1697,Mouse,London,S1,Q2,1,397,397
1698,TV,London,S3,Q3,2,298,596
1699,Mobile,London,S2,Q4,2,380,760
1700,Mobile,New York,S3,Q2,2,401,802
1701,TV,Paris,S3,Q3,3,660,1980
1702,TV,New York,S2,Q1,3,447,1341
1703,Mouse,New York,S3,Q4,1,260,260
1704,Mobile,New York,S2,Q4,5,108,540
1705,Laptop,London,S1,Q1,5,797,3985
1706,Laptop,London,S2,Q2,3,220,660
1707,Laptop,London,S1,Q3,2,468,936
1708,Laptop,Paris,S3,Q4,2,788,1576
1709,Laptop,London,S3,Q2,4,650,2600
1710,Laptop,New York,S2,Q3,1,155,155
1711,TV,London,S2,Q4,3,944,2832
1712,Mouse,Paris,S2,Q3,4,919,3676
1713,Mouse,Paris,S2,Q1,3,539,1617
1714,Laptop,New York,S1,Q4,3,202,606
1715,Mouse,Paris,S3,Q3,2,673,1346
1716,Mouse,New York,S1,Q1,2,432,864
1717,Mobile,Paris,S1,Q4,4,756,3024
1718,TV,London,S3,Q1,2,383,766
1719,Mouse,Paris,S3,Q3,1,375,375
1720,TV,London,S1,Q3,3,764,2292
1721,Laptop,Paris,S1,Q1,5,339,1695
1722,TV,Paris,S2,Q1,5,767,3835
1723,Mobile,London,S3,Q3,3,161,483
1724,Laptop,Paris,S1,Q3,2,697,1394
1725,TV,London,S3,Q1,1,909,909
1726,Mouse,New York,S2,Q3,4,461,1844
1727,Laptop,London,S3,Q2,5,213,1065
1728,Mouse,London,S3,Q4,5,960,4800
1729,Laptop,New York,S3,Q4,4,431,1724
1730,Mobile,London,S3,Q1,2,787,1574
1731,Mouse,London,S3,Q2,2,335,670
1732,Mobile,Paris,S2,Q2,1,417,417
1733,Laptop,New York,S1,Q4,2,855,1710
1734,TV,Paris,S3,Q2,1,943,943
1735,Laptop,New York,S3,Q4,5,890,4450
1736,Laptop,New York,S3,Q1,3,887,2661
1737,Mobile,New York,S3,Q1,2,261,522
1738,Mobile,New York,S1,Q3,3,153,459
1739,Mouse,New York,S2,Q3,2,212,424
1740,TV,New York,S3,Q2,1,800,800
1741,Mobile,Paris,S2,Q4,2,212,424
1742,Mouse,New York,S1,Q3,2,966,1932
1743,Mouse,New York,S1,Q4,3,542,1626
1744,TV,Paris,S1,Q4,2,366,732
1745,TV,New York,S3,Q1,2,456,912
1746,Laptop,New York,S1,Q4,3,422,1266
1747,TV,London,S3,Q4,3,402,1206
1748,TV,New York,S3,Q3,1,980,980
1749,Mouse,London,S2,Q3,1,148,148
1750,Mouse,London,S1,Q4,1,738,738
1751,TV,London,S1,Q2,1,989,989
1752,Mouse,Paris,S1,Q4,3,546,1638
1753,Mouse,London,S1,Q3,3,328,984
1754,Mobile,London,S2,Q3,3,770,2310
1755,Laptop,New York,S1,Q3,2,458,916
1756,Mobile,London,S3,Q2,4,942,3768
1757,Laptop,New York,S1,Q4,5,904,4520
1758,Laptop,London,S3,Q3,5,328,1640
1759,TV,London,S2,Q3,5,637,3185
1760,Mobile,London,S3,Q3,3,768,2304
1761,Mobile,Paris,S2,Q3,4,797,3188
1762,TV,London,S1,Q1,5,703,3515
1763,TV,Paris,S1,Q1,1,226,226
1764,Laptop,Paris,S2,Q2,2,191,382
1765,Mobile,London,S1,Q1,5,439,2195
1766,Laptop,Paris,S2,Q1,3,500,1500
1767,Mobile,New York,S1,Q4,5,920,4600
1768,Laptop,New York,S1,Q1,2,602,1204
1769,TV,London,S2,Q4,5,816,4080
1770,TV,London,S3,Q1,2,778,1556
1771,Mouse,London,S2,Q4,4,948,3792
1772,Laptop,New York,S2,Q4,4,512,2048
1773,Mouse,Paris,S1,Q3,1,165,165
1774,Mobile,New York,S2,Q2,1,190,190
1775,Laptop,London,S1,Q2,5,510,2550
1776,Laptop,New York,S3,Q3,3,418,1254
1777,Laptop,New York,S3,Q4,4,255,1020
1778,Mouse,London,S3,Q1,1,440,440
1779,Laptop,Paris,S3,Q1,1,837,837
1780,TV,New York,S3,Q4,4,315,1260
1781,Mouse,Paris,S3,Q3,3,285,855
1782,Laptop,London,S1,Q2,1,489,489
1783,TV,New York,S1,Q4,1,224,224
1784,Mobile,New York,S3,Q4,5,345,1725
1785,Mobile,New York,S1,Q4,4,815,3260
1786,TV,Paris,S2,Q2,3,391,1173
1787,Mouse,Paris,S1,Q1,2,524,1048
1788,TV,London,S3,Q3,5,877,4385
1789,Mouse,New York,S2,Q3,3,910,2730
1790,Mobile,New York,S3,Q4,3,882,2646
1791,Laptop,New York,S2,Q3,1,661,661
1792,TV,Paris,S3,Q2,2,471,942
1793,Laptop,New York,S2,Q3,2,938,1876
1794,TV,New York,S2,Q1,3,164,492
1795,TV,London,S3,Q2,5,247,1235
1796,Laptop,Paris,S1,Q4,4,994,3976
1797,Mouse,New York,S2,Q1,1,891,891
1798,TV,London,S3,Q4,4,962,3848
1799,Mobile,London,S1,Q4,2,805,1610
1800,Mouse,New York,S2,Q1,1,686,686
1801,Mobile,Paris,S3,Q1,5,948,4740
1802,TV,New York,S3,Q2,4,384,1536
1803,Mobile,Paris,S2,Q3,2,815,1630
1804,Mobile,New York,S2,Q4,2,515,1030
1805,TV,Paris,S1,Q4,5,733,3665
1806,TV,New York,S1,Q2,4,190,760
1807,Laptop,New York,S2,Q2,1,740,740
1808,Laptop,London,S3,Q4,4,267,1068
1809,Laptop,London,S1,Q4,2,815,1630
1810,TV,Paris,S3,Q1,3,147,441
1811,TV,Paris,S3,Q4,5,883,4415
1812,Laptop,Paris,S1,Q3,3,264,792
1813,Laptop,London,S2,Q2,5,480,2400
1814,Laptop,New York,S2,Q3,4,799,3196
1815,TV,Paris,S1,Q2,4,136,544
1816,Mouse,London,S1,Q1,2,864,1728
1817,Mobile,New York,S1,Q2,3,300,900
1818,Mouse,Paris,S1,Q3,5,493,2465
1819,Laptop,New York,S1,Q1,4,722,2888
1820,Mobile,Paris,S1,Q1,1,605,605
1821,TV,London,S3,Q3,4,380,1520
1822,Mobile,London,S2,Q3,2,290,580
1823,Laptop,London,S1,Q1,3,799,2397
1824,TV,London,S3,Q2,1,161,161
1825,Laptop,New York,S2,Q4,4,856,3424
1826,Mobile,New York,S1,Q4,4,545,2180
1827,Mouse,New York,S3,Q4,2,200,400
1828,Laptop,Paris,S2,Q2,2,778,1556
1829,TV,London,S3,Q1,1,882,882
1830,Mouse,London,S2,Q3,1,645,645
1831,Mouse,New York,S1,Q2,5,365,1825
1832,TV,London,S1,Q1,5,691,3455
1833,Mobile,London,S3,Q3,5,718,3590
1834,Laptop,London,S2,Q1,3,895,2685
1835,TV,Paris,S1,Q3,1,594,594
1836,Laptop,New York,S1,Q1,3,808,2424
1837,TV,New York,S3,Q1,3,119,357
1838,Mouse,London,S2,Q1,1,231,231
1839,Mouse,New York,S2,Q1,3,364,1092
1840,TV,Paris,S2,Q2,3,685,2055
1841,TV,New York,S2,Q2,2,449,898
1842,TV,New York,S1,Q1,2,626,1252
1843,Laptop,New York,S2,Q1,2,246,492
1844,Mobile,New York,S3,Q3,5,398,1990
1845,Mouse,London,S2,Q1,2,941,1882
1846,TV,New York,S2,Q1,3,770,2310
1847,TV,Paris,S1,Q1,4,701,2804
1848,Mobile,Paris,S1,Q3,5,278,1390
1849,Laptop,New York,S3,Q1,3,513,1539
1850,Laptop,Paris,S3,Q2,1,630,630
1851,Mobile,New York,S2,Q1,4,122,488
1852,Mobile,London,S1,Q2,2,243,486
1853,Laptop,London,S3,Q1,5,898,4490
1854,Laptop,New York,S2,Q4,3,396,1188
1855,Mouse,New York,S2,Q4,2,255,510
1856,Laptop,London,S1,Q1,2,538,1076
1857,Mouse,Paris,S2,Q2,3,369,1107
1858,TV,London,S1,Q4,3,549,1647
1859,Mobile,London,S1,Q3,5,373,1865
1860,Mouse,Paris,S2,Q2,1,409,409
1861,Mobile,New York,S2,Q2,2,513,1026
1862,Laptop,Paris,S1,Q3,4,235,940
1863,Mobile,Paris,S3,Q4,1,327,327
1864,Laptop,New York,S3,Q1,5,776,3880
1865,Mouse,Paris,S3,Q1,3,747,2241
1866,Mouse,Paris,S2,Q3,4,659,2636
1867,Mouse,Paris,S1,Q4,4,607,2428
1868,Mouse,Paris,S1,Q1,1,615,615
1869,Mouse,London,S1,Q4,2,713,1426
1870,TV,London,S3,Q4,2,374,748
1871,Mouse,Paris,S1,Q1,5,541,2705
1872,Mouse,London,S2,Q2,5,669,3345
1873,Laptop,London,S2,Q1,4,242,968
1874,Mouse,London,S1,Q4,5,862,4310
1875,Mobile,New York,S1,Q4,3,363,1089
1876,Mouse,Paris,S1,Q4,4,115,460
1877,TV,Paris,S1,Q1,3,660,1980
1878,Mobile,New York,S1,Q2,3,431,1293
1879,Mobile,New York,S3,Q4,1,912,912
1880,TV,Paris,S3,Q3,4,845,3380
1881,TV,New York,S2,Q4,1,345,345
1882,Mouse,Paris,S1,Q3,1,663,663
1883,TV,London,S3,Q2,4,132,528
1884,Mouse,London,S2,Q1,2,924,1848
1885,Mobile,London,S3,Q1,1,619,619
1886,Mouse,New York,S1,Q4,5,882,4410
1887,Laptop,New York,S3,Q2,4,821,3284
1888,Mobile,London,S2,Q3,2,148,296
1889,Mobile,Paris,S1,Q3,1,894,894
1890,Mobile,London,S1,Q3,3,156,468
1891,Mouse,London,S3,Q3,5,986,4930
1892,Mouse,New York,S1,Q3,1,221,221
1893,Laptop,Paris,S2,Q2,3,568,1704
1894,Mouse,London,S1,Q4,3,918,2754
1895,Mouse,London,S2,Q4,1,501,501
1896,Mobile,Paris,S1,Q1,5,818,4090
1897,Mobile,New York,S1,Q4,4,854,3416
1898,Mouse,London,S2,Q4,4,464,1856
1899,Mouse,Paris,S2,Q2,4,328,1312
1900,Mobile,London,S1,Q1,3,419,1257
1901,Laptop,New York,S2,Q2,1,454,454
1902,Mouse,London,S2,Q1,1,380,380
1903,Mobile,London,S1,Q1,3,246,738
1904,Mobile,London,S2,Q2,2,243,486
1905,Laptop,New York,S2,Q2,1,445,445
1906,TV,London,S3,Q2,4,563,2252
1907,TV,London,S3,Q3,3,171,513
1908,TV,New York,S3,Q2,3,826,2478
1909,Laptop,Paris,S2,Q3,5,461,2305
1910,Laptop,London,S3,Q4,1,980,980
1911,TV,London,S3,Q3,4,818,3272
1912,Laptop,New York,S3,Q4,5,699,3495
1913,Mobile,Paris,S2,Q3,2,396,792
1914,Mobile,London,S1,Q1,4,749,2996
1915,Mobile,London,S2,Q1,2,530,1060
1916,TV,Paris,S1,Q2,4,152,608
1917,TV,Paris,S2,Q2,4,434,1736
1918,Mobile,Paris,S2,Q1,2,621,1242
1919,Mouse,London,S3,Q4,5,730,3650
1920,Mobile,New York,S3,Q3,5,919,4595
1921,Laptop,Paris,S1,Q3,2,480,960
1922,Mouse,Paris,S3,Q1,5,267,1335
1923,Mouse,New York,S3,Q2,2,321,642
1924,Laptop,New York,S1,Q1,2,974,1948
1925,TV,Paris,S2,Q2,2,846,1692
1926,Laptop,London,S1,Q3,1,368,368
1927,TV,Paris,S3,Q1,5,931,4655
1928,Mobile,New York,S1,Q3,5,452,2260
1929,Mouse,Paris,S1,Q4,5,217,1085
1930,TV,Paris,S2,Q3,3,481,1443
1931,Mobile,New York,S1,Q1,4,965,3860
1932,TV,New York,S2,Q4,5,172,860
1933,Mouse,Paris,S1,Q4,3,809,2427
1934,TV,New York,S1,Q1,3,175,525
1935,Mobile,Paris,S1,Q3,2,310,620
1936,Mouse,New York,S1,Q4,2,591,1182
1937,Mouse,New York,S1,Q1,4,143,572
1938,Laptop,London,S3,Q1,4,429,1716
1939,Laptop,Paris,S3,Q3,2,188,376
1940,Laptop,New York,S2,Q4,3,638,1914
1941,Laptop,New York,S2,Q1,5,339,1695
1942,Mobile,Paris,S3,Q4,1,776,776
1943,Mobile,Paris,S2,Q2,3,667,2001
1944,Mobile,New York,S3,Q2,1,268,268
1945,Mobile,New York,S1,Q3,3,386,1158
1946,Mouse,New York,S3,Q4,2,122,244
1947,Mouse,London,S2,Q2,1,967,967
1948,Mobile,Paris,S1,Q1,1,343,343
1949,Mobile,Paris,S3,Q1,5,479,2395
1950,Laptop,New York,S2,Q4,5,172,860
1951,TV,London,S2,Q4,2,654,1308
1952,Mouse,London,S1,Q3,4,109,436
1953,Laptop,Paris,S3,Q4,4,860,3440
1954,Mobile,New York,S3,Q2,2,316,632
1955,Mobile,New York,S2,Q4,4,725,2900
1956,Mouse,Paris,S1,Q2,3,266,798
1957,Mobile,Paris,S2,Q1,4,256,1024
1958,Laptop,London,S3,Q2,3,173,519
1959,Mobile,New York,S1,Q4,2,339,678
1960,Laptop,London,S1,Q3,3,169,507
1961,Laptop,New York,S2,Q1,5,786,3930
1962,Mobile,New York,S2,Q4,2,424,848
1963,TV,New York,S3,Q2,2,597,1194
1964,Laptop,New York,S1,Q4,5,356,1780
1965,Laptop,Paris,S1,Q2,1,509,509
1966,Laptop,Paris,S1,Q1,1,257,257
1967,Laptop,London,S1,Q3,1,367,367
1968,Laptop,New York,S1,Q1,1,356,356
1969,Mouse,New York,S2,Q3,1,758,758
1970,Mouse,Paris,S1,Q2,2,940,1880
1971,Mouse,London,S2,Q4,5,884,4420
1972,Laptop,New York,S3,Q3,1,661,661
1973,Mouse,London,S2,Q1,2,370,740
1974,Laptop,Paris,S3,Q4,5,803,4015
1975,TV,New York,S2,Q1,1,825,825
1976,Mouse,London,S2,Q1,4,672,2688
1977,Mobile,New York,S3,Q3,2,160,320
1978,TV,Paris,S3,Q4,1,336,336
1979,Mobile,London,S1,Q2,5,557,2785
1980,Mouse,Paris,S3,Q4,1,770,770
1981,Mobile,New York,S2,Q3,1,592,592
1982,Mobile,New York,S3,Q1,5,654,3270
1983,Mouse,Paris,S3,Q1,1,646,646
1984,Mouse,London,S2,Q1,4,246,984
1985,TV,London,S1,Q2,2,162,324
1986,Mouse,London,S3,Q1,2,779,1558
1987,TV,London,S1,Q1,5,558,2790
1988,Laptop,Paris,S2,Q2,4,171,684
1989,Mobile,New York,S2,Q1,1,436,436
1990,Mobile,Paris,S2,Q4,5,374,1870
1991,Mobile,London,S3,Q1,2,672,1344
1992,Mobile,New York,S2,Q2,3,642,1926
1993,Laptop,New York,S3,Q1,5,787,3935
1994,TV,New York,S3,Q2,4,718,2872
1995,Mouse,Paris,S1,Q3,2,233,466
1996,Mobile,London,S1,Q2,1,706,706
1997,Mouse,Paris,S2,Q2,5,334,1670
1998,Mouse,Paris,S3,Q2,1,756,756
1999,Mobile,New York,S3,Q1,4,356,1424
